embedding_row,paper_id
0,2-s2.0-105013645261
1,2-s2.0-85211604820
2,2-s2.0-105040531495
3,2-s2.0-105002301455
4,2-s2.0-105044379223
5,2-s2.0-105009074845
6,2-s2.0-85173456939
7,2-s2.0-105009325743
8,2-s2.0-105004756026
9,2-s2.0-105016757914
10,2-s2.0-105006758988
11,2-s2.0-86000645125
12,2-s2.0-105046205220
13,2-s2.0-105037788661
14,2-s2.0-105008719538
15,2-s2.0-105016728268
16,2-s2.0-105002746284
17,2-s2.0-105024445998
18,2-s2.0-105051066991
19,2-s2.0-105013633176
20,2-s2.0-105018995982
21,2-s2.0-85219155015
22,2-s2.0-105035160996
23,2-s2.0-105017493391
24,2-s2.0-105040603722
25,2-s2.0-105030101327
26,2-s2.0-85210411008
27,2-s2.0-105036599663
28,2-s2.0-85189354737
29,2-s2.0-105017931321
30,2-s2.0-85218838334
31,2-s2.0-105016869955
32,2-s2.0-105041187723
33,2-s2.0-105039506470
34,2-s2.0-105014975822
35,2-s2.0-105032993123
36,2-s2.0-105040946870
37,2-s2.0-85217199706
38,2-s2.0-105011846309
39,2-s2.0-105007635218
40,2-s2.0-105004916676
41,2-s2.0-105010061866
42,2-s2.0-105044953348
43,2-s2.0-105038218373
44,2-s2.0-105001506641
45,2-s2.0-105040338534
46,2-s2.0-105035123322
47,2-s2.0-85205580999
48,2-s2.0-105019296125
49,2-s2.0-105004629117
50,2-s2.0-105012266453
51,2-s2.0-105010944681
52,2-s2.0-105016056301
53,2-s2.0-105013188362
54,2-s2.0-105029982972
55,2-s2.0-105040557371
56,2-s2.0-85217846747
57,2-s2.0-105017152917
58,2-s2.0-105022777974
59,2-s2.0-105008914168
60,2-s2.0-105036421029
61,2-s2.0-105010936179
62,2-s2.0-105031683970
63,2-s2.0-85213731177
64,2-s2.0-105034078299
65,2-s2.0-105032140261
66,2-s2.0-86000434057
67,2-s2.0-105008766956
68,2-s2.0-105004721536
69,2-s2.0-105027968695
70,2-s2.0-105017782258
71,2-s2.0-105035716436
72,2-s2.0-85212489874
73,2-s2.0-105037292589
74,2-s2.0-105012373950
75,2-s2.0-105043036775
76,2-s2.0-105010848755
77,2-s2.0-105004603596
78,2-s2.0-105009012721
79,2-s2.0-105036365849
80,2-s2.0-105026509871
81,2-s2.0-105005838840
82,2-s2.0-105031559396
83,2-s2.0-85211033260
84,2-s2.0-105029641136
85,2-s2.0-105004710102
86,2-s2.0-105002232677
87,2-s2.0-105018089922
88,2-s2.0-105043282991
89,2-s2.0-105011249050
90,2-s2.0-105015099408
91,2-s2.0-85217183621
92,2-s2.0-105046147185
93,2-s2.0-105004603493
94,2-s2.0-105024006441
95,2-s2.0-85215100178
96,2-s2.0-105009405434
97,2-s2.0-105004603679
98,2-s2.0-105038078842
99,2-s2.0-105050386231
100,2-s2.0-105040217687
101,2-s2.0-105013856045
102,2-s2.0-105043347310
103,2-s2.0-85177480728
104,2-s2.0-105004603565
105,2-s2.0-105004603686
106,2-s2.0-105018262163
107,2-s2.0-85217830420
108,2-s2.0-105000009235
109,2-s2.0-105043095781
110,2-s2.0-105004603457
111,2-s2.0-85215409650
112,2-s2.0-105041061105
113,2-s2.0-105040871311
114,2-s2.0-105011359848
115,2-s2.0-105022791090
116,2-s2.0-105038373113
117,2-s2.0-105007298874
118,2-s2.0-105029639067
119,2-s2.0-105012521382
120,2-s2.0-105040655863
121,2-s2.0-105036789779
122,2-s2.0-105002132399
123,2-s2.0-105035714896
124,2-s2.0-105031904859
125,2-s2.0-105047632920
126,2-s2.0-85212847185
127,2-s2.0-105011693511
128,2-s2.0-105004909117
129,2-s2.0-105003589557
130,2-s2.0-105008349540
131,2-s2.0-105040534295
132,2-s2.0-105016811051
133,2-s2.0-105012899217
134,2-s2.0-105004603523
135,2-s2.0-105018337967
136,2-s2.0-105042136854
137,2-s2.0-85211143193
138,2-s2.0-105034961535
139,2-s2.0-105031763445
140,2-s2.0-105014381330
141,2-s2.0-85216065169
142,2-s2.0-105005507817
143,2-s2.0-105015123894
144,2-s2.0-105021134054
145,2-s2.0-105034882012
146,2-s2.0-105001091830
147,2-s2.0-105004603770
148,2-s2.0-85210129383
149,2-s2.0-105012536787
150,2-s2.0-85219543611
151,2-s2.0-105045652079
152,2-s2.0-105007011230
153,2-s2.0-105025088799
154,2-s2.0-85176943703
155,2-s2.0-105019579401
156,2-s2.0-85165353454
157,2-s2.0-105003407733
158,2-s2.0-105009293108
159,2-s2.0-85216597571
160,2-s2.0-85197422596
161,2-s2.0-105041146648
162,2-s2.0-105010038376
163,2-s2.0-105022280702
164,2-s2.0-105029523612
165,2-s2.0-105031554584
166,2-s2.0-105009293303
167,2-s2.0-85217569562
168,2-s2.0-105006446612
169,2-s2.0-105033570572
170,2-s2.0-105014754187
171,2-s2.0-105019514871
172,2-s2.0-105031076295
173,2-s2.0-105035033710
174,2-s2.0-105042363084
175,2-s2.0-105019220221
176,2-s2.0-105009912523
177,2-s2.0-105011353220
178,2-s2.0-105048141146
179,2-s2.0-105041030203
180,2-s2.0-105037073121
181,2-s2.0-105046644465
182,2-s2.0-105028951691
183,2-s2.0-105020772521
184,2-s2.0-105037505296
185,2-s2.0-105038046966
186,2-s2.0-105012597642
187,2-s2.0-105017931166
188,2-s2.0-85217153790
189,2-s2.0-105015352672
190,2-s2.0-105013389938
191,2-s2.0-105046998969
192,2-s2.0-105011536156
193,2-s2.0-105016909015
194,2-s2.0-105029733514
195,2-s2.0-105017502121
196,2-s2.0-105003259449
197,2-s2.0-105031763168
198,2-s2.0-105038972259
199,2-s2.0-105036106843
200,2-s2.0-105020459903
201,2-s2.0-105021304015
202,2-s2.0-105029135285
203,2-s2.0-105041929796
204,2-s2.0-105002632036
205,2-s2.0-105001950547
206,2-s2.0-105049472729
207,2-s2.0-105040728175
208,2-s2.0-105004603709
209,2-s2.0-105017966215
210,2-s2.0-105044731529
211,2-s2.0-105048041537
212,2-s2.0-85207997268
213,2-s2.0-85196058134
214,2-s2.0-105024492614
215,2-s2.0-85164439604
216,2-s2.0-85141645123
217,2-s2.0-85165544598
218,2-s2.0-85193920954
219,2-s2.0-85180538421
220,2-s2.0-85192600046
221,2-s2.0-105025060867
222,2-s2.0-85188019818
223,2-s2.0-85173842412
224,2-s2.0-85179109099
225,2-s2.0-85168775292
226,2-s2.0-105024692020
227,2-s2.0-85149068808
228,2-s2.0-85166068655
229,2-s2.0-85176743201
230,2-s2.0-105025179904
231,2-s2.0-85188494083
232,2-s2.0-85186530589
233,2-s2.0-85181211364
234,2-s2.0-85188910201
235,2-s2.0-85213195033
236,2-s2.0-85179660053
237,2-s2.0-85212908833
238,2-s2.0-85138522330
239,2-s2.0-85153070689
240,2-s2.0-85195387554
241,2-s2.0-105015061231
242,2-s2.0-85181065439
243,2-s2.0-85164210687
244,2-s2.0-85153972008
245,2-s2.0-85194420523
246,2-s2.0-85205217001
247,2-s2.0-85176920052
248,2-s2.0-85147536749
249,2-s2.0-85189874147
250,2-s2.0-85176273819
251,2-s2.0-85211789520
252,2-s2.0-85192965485
253,2-s2.0-85182175192
254,2-s2.0-85196106021
255,2-s2.0-85180795640
256,2-s2.0-85165464858
257,2-s2.0-85150645951
258,2-s2.0-85160053497
259,2-s2.0-85189142475
260,2-s2.0-85202500275
261,2-s2.0-105000408004
262,2-s2.0-85141978289
263,2-s2.0-85190148915
264,2-s2.0-105032272697
265,2-s2.0-85161926394
266,2-s2.0-85197373963
267,2-s2.0-105025430931
268,2-s2.0-85207923951
269,2-s2.0-85202497374
270,2-s2.0-85132101514
271,2-s2.0-85193518878
272,2-s2.0-85176292372
273,2-s2.0-85152106413
274,2-s2.0-85205235700
275,2-s2.0-85209669028
276,2-s2.0-105016741893
277,2-s2.0-85142794955
278,2-s2.0-85191177503
279,2-s2.0-85165167246
280,2-s2.0-85214350976
281,2-s2.0-85165346313
282,2-s2.0-105004500699
283,2-s2.0-105006548817
284,2-s2.0-85204132958
285,2-s2.0-85203270954
286,2-s2.0-85202709287
287,2-s2.0-85161462337
288,2-s2.0-85204514438
289,2-s2.0-85196539838
290,2-s2.0-85214145071
291,2-s2.0-85198546521
292,2-s2.0-85153623474
293,2-s2.0-85213781938
294,2-s2.0-85185098577
295,2-s2.0-85142383539
296,2-s2.0-85206174369
297,2-s2.0-85165893261
298,2-s2.0-85210960619
299,2-s2.0-85191330410
300,2-s2.0-85111623171
301,2-s2.0-85201414474
302,2-s2.0-85148525422
303,2-s2.0-85198658113
304,2-s2.0-105012120378
305,2-s2.0-85190646897
306,2-s2.0-85200240785
307,2-s2.0-85210877308
308,2-s2.0-105004119290
309,2-s2.0-85213378754
310,2-s2.0-85171345246
311,2-s2.0-85202510687
312,2-s2.0-85185602349
313,2-s2.0-85165116995
314,2-s2.0-85142768043
315,2-s2.0-85188158885
316,2-s2.0-85167685567
317,2-s2.0-85217989682
318,2-s2.0-85167779965
319,2-s2.0-85159162791
320,2-s2.0-85142203937
321,2-s2.0-85172927845
322,2-s2.0-85121314985
323,2-s2.0-85168564264
324,2-s2.0-85166062660
325,2-s2.0-85191786665
326,2-s2.0-85174519144
327,2-s2.0-85192758719
328,2-s2.0-85176590300
329,2-s2.0-105006771173
330,2-s2.0-85178231747
331,2-s2.0-85196614252
332,2-s2.0-85130063023
333,2-s2.0-85152173391
334,2-s2.0-85188249424
335,2-s2.0-85196086276
336,2-s2.0-85212700378
337,2-s2.0-85179942390
338,2-s2.0-105035911769
339,2-s2.0-85210100961
340,2-s2.0-85174349499
341,2-s2.0-105013862333
342,2-s2.0-85159204757
343,2-s2.0-105004690726
344,2-s2.0-85176587176
345,2-s2.0-85199137943
346,2-s2.0-105012035055
347,2-s2.0-85148506051
348,2-s2.0-85194063269
349,2-s2.0-85202723609
350,2-s2.0-85185525303
351,2-s2.0-85180154760
352,2-s2.0-85150496825
353,2-s2.0-85172423548
354,2-s2.0-85138369920
355,2-s2.0-85143673745
356,2-s2.0-85174080245
357,2-s2.0-85205227870
358,2-s2.0-105001890459
359,2-s2.0-85169795709
360,2-s2.0-85199206735
361,2-s2.0-85208097619
362,2-s2.0-85153701096
363,2-s2.0-85186843052
364,2-s2.0-85184003700
365,2-s2.0-85149658995
366,2-s2.0-85214185028
367,2-s2.0-85147806067
368,2-s2.0-85200469153
369,2-s2.0-85190090897
370,2-s2.0-105025031064
371,2-s2.0-85164404806
372,2-s2.0-85194191359
373,2-s2.0-85148009956
374,2-s2.0-85207217613
375,2-s2.0-85182644900
376,2-s2.0-85182198813
377,2-s2.0-85190998890
378,2-s2.0-85184417109
379,2-s2.0-85128282396
380,2-s2.0-85119673956
381,2-s2.0-85143646988
382,2-s2.0-85081243773
383,2-s2.0-85091123229
384,2-s2.0-85120075784
385,2-s2.0-85100904108
386,2-s2.0-85117204739
387,2-s2.0-85131910140
388,2-s2.0-85135597263
389,2-s2.0-85182489261
390,2-s2.0-85143862554
391,2-s2.0-85135597271
392,2-s2.0-85126072602
393,2-s2.0-85124725524
394,2-s2.0-85179688798
395,2-s2.0-85135596287
396,2-s2.0-85149055312
397,2-s2.0-85127541030
398,2-s2.0-85109808208
399,2-s2.0-85144492989
400,2-s2.0-85138513964
401,2-s2.0-85135596273
402,2-s2.0-85135597247
403,2-s2.0-85124737739
404,2-s2.0-85126687233
405,2-s2.0-85173404476
406,2-s2.0-85102652219
407,2-s2.0-85105278779
408,2-s2.0-85104049392
409,2-s2.0-85105213056
410,2-s2.0-85212467558
411,2-s2.0-85174065490
412,2-s2.0-85101908289
413,2-s2.0-85107810431
414,2-s2.0-85082418581
415,2-s2.0-85135828872
416,2-s2.0-85113170041
417,2-s2.0-85182464054
418,2-s2.0-85118538679
419,2-s2.0-85104572746
420,2-s2.0-85147680720
421,2-s2.0-85120973726
422,2-s2.0-85191940079
423,2-s2.0-85130210833
424,2-s2.0-85135597432
425,2-s2.0-85087308637
426,2-s2.0-85173322359
427,2-s2.0-85182473871
428,2-s2.0-85099910431
429,2-s2.0-85129178653
430,2-s2.0-85205203741
431,2-s2.0-85132619023
432,2-s2.0-85182486827
433,2-s2.0-85130491255
434,2-s2.0-85127445178
435,2-s2.0-85121917201
436,2-s2.0-85159070821
437,2-s2.0-85147658287
438,2-s2.0-85139815112
439,2-s2.0-85116323976
440,2-s2.0-85163151761
441,2-s2.0-85145956728
442,2-s2.0-85105336339
443,2-s2.0-85123398398
444,2-s2.0-85120809234
445,2-s2.0-85165017013
446,2-s2.0-85125635680
447,2-s2.0-85127505113
448,2-s2.0-85099602371
449,2-s2.0-85125746177
450,2-s2.0-85121556708
451,2-s2.0-85135597733
452,2-s2.0-85123025191
453,2-s2.0-85106641706
454,2-s2.0-85135597972
455,2-s2.0-85099511791
456,2-s2.0-85127409181
457,2-s2.0-85099055541
458,2-s2.0-85182492430
459,2-s2.0-85092913728
460,2-s2.0-85137910253
461,2-s2.0-85092244465
462,2-s2.0-85129245265
463,2-s2.0-85099261296
464,2-s2.0-85135596862
465,2-s2.0-85147876418
466,2-s2.0-85182482179
467,2-s2.0-85182464984
468,2-s2.0-85182483282
469,2-s2.0-85136724693
470,2-s2.0-85098053809
471,2-s2.0-85102301227
472,2-s2.0-85143423714
473,2-s2.0-85103386482
474,2-s2.0-85128407609
475,2-s2.0-85133093433
476,2-s2.0-85128943783
477,2-s2.0-85135400401
478,2-s2.0-85134484269
479,2-s2.0-85137314241
480,2-s2.0-85139061693
481,2-s2.0-85138321404
482,2-s2.0-85121642165
483,2-s2.0-85124569749
484,2-s2.0-85106021394
485,2-s2.0-85101029152
486,2-s2.0-85182459470
487,2-s2.0-85139050668
488,2-s2.0-85163163787
489,2-s2.0-85105122690
490,2-s2.0-85152560484
491,2-s2.0-85110325959
492,2-s2.0-85128851533
493,2-s2.0-85102635823
494,2-s2.0-85102153648
495,2-s2.0-105022174064
496,2-s2.0-85127233809
497,2-s2.0-85143505814
498,2-s2.0-85128565769
499,2-s2.0-85140006436
500,2-s2.0-85117284141
501,2-s2.0-85134209371
502,2-s2.0-85117220665
503,2-s2.0-85114987675
504,2-s2.0-85142339612
505,2-s2.0-105000664252
506,2-s2.0-85124522306
507,2-s2.0-85117229116
508,2-s2.0-85130791913
509,2-s2.0-85086020370
510,2-s2.0-85168769412
511,2-s2.0-85134784163
512,2-s2.0-85131487654
513,2-s2.0-85100086838
514,2-s2.0-85147948745
515,2-s2.0-86000709274
516,2-s2.0-85167351670
517,2-s2.0-85112698890
518,2-s2.0-85135439143
519,2-s2.0-85162627179
520,2-s2.0-85113666457
521,2-s2.0-85118558000
522,2-s2.0-85141396900
523,2-s2.0-85130512037
524,2-s2.0-85127498720
525,2-s2.0-85073996233
526,2-s2.0-85200729546
527,2-s2.0-85087510838
528,2-s2.0-85117091669
529,2-s2.0-85078464412
530,2-s2.0-85127298024
531,2-s2.0-85117164435
532,2-s2.0-85126521063
533,2-s2.0-85087135699
534,2-s2.0-85098063410
535,2-s2.0-105004816166
536,2-s2.0-85099953193
537,2-s2.0-85114445777
538,2-s2.0-85135332147
539,2-s2.0-85128007152
540,2-s2.0-85127253135
541,2-s2.0-85108564826
542,2-s2.0-85134217165
543,2-s2.0-85135598037
544,2-s2.0-85102053631
545,2-s2.0-85130544244
546,2-s2.0-85124769863
547,2-s2.0-85138667164
548,2-s2.0-85125775284
549,2-s2.0-85138357415
550,2-s2.0-85135763262
551,2-s2.0-85214271657
552,2-s2.0-85130338643
553,2-s2.0-85195294130
554,2-s2.0-85105092153
555,2-s2.0-85182495033
556,2-s2.0-85098856842
557,2-s2.0-85056319203
558,2-s2.0-85030456116
559,2-s2.0-85099241356
560,2-s2.0-85068316985
561,2-s2.0-85042426047
562,2-s2.0-85076187466
563,2-s2.0-85060827560
564,2-s2.0-85049980400
565,2-s2.0-85048530709
566,2-s2.0-85068784594
567,2-s2.0-85048077173
568,2-s2.0-85054152735
569,2-s2.0-85106818661
570,2-s2.0-85063750696
571,2-s2.0-85010908017
572,2-s2.0-85056321732
573,2-s2.0-85045109147
574,2-s2.0-85104811894
575,2-s2.0-85059232671
576,2-s2.0-85100882444
577,2-s2.0-85062680719
578,2-s2.0-85106797567
579,2-s2.0-85021109887
580,2-s2.0-85072051031
581,2-s2.0-85050511542
582,2-s2.0-85164491391
583,2-s2.0-85095615416
584,2-s2.0-85081379772
585,2-s2.0-85061923258
586,2-s2.0-85068049287
587,2-s2.0-85096654560
588,2-s2.0-85087818219
589,2-s2.0-85071714412
590,2-s2.0-85081366676
591,2-s2.0-85056834050
592,2-s2.0-85065878700
593,2-s2.0-85092680724
594,2-s2.0-85053444620
595,2-s2.0-85102147446
596,2-s2.0-85144893671
597,2-s2.0-85034833746
598,2-s2.0-85051675679
599,2-s2.0-85082736290
600,2-s2.0-85056461710
601,2-s2.0-85096533095
602,2-s2.0-85121723742
603,2-s2.0-85048048851
604,2-s2.0-85078325101
605,2-s2.0-85073107448
606,2-s2.0-85056455166
607,2-s2.0-85035080740
608,2-s2.0-85065758061
609,2-s2.0-85088511114
610,2-s2.0-85085600908
611,2-s2.0-85082430286
612,2-s2.0-85066943902
613,2-s2.0-85075540599
614,2-s2.0-85119597379
615,2-s2.0-85063929201
616,2-s2.0-85045855192
617,2-s2.0-85078187001
618,2-s2.0-85069532966
619,2-s2.0-85176617800
620,2-s2.0-85095720197
621,2-s2.0-85074940717
622,2-s2.0-85085854774
623,2-s2.0-85065165578
624,2-s2.0-85086246561
625,2-s2.0-85166184736
626,2-s2.0-85074680301
627,2-s2.0-85084364532
628,2-s2.0-85063946020
629,2-s2.0-85051107744
630,2-s2.0-85077313190
631,2-s2.0-85088515522
632,2-s2.0-85029504787
633,2-s2.0-85088527992
634,2-s2.0-85136435763
635,2-s2.0-85088502433
636,2-s2.0-85150708052
637,2-s2.0-85130237599
638,2-s2.0-85070906878
639,2-s2.0-85073300842
640,2-s2.0-85066912035
641,2-s2.0-85081949702
642,2-s2.0-85096684575
643,2-s2.0-85070008885
644,2-s2.0-85073532829
645,2-s2.0-85088373750
646,2-s2.0-85055752466
647,2-s2.0-85074526022
648,2-s2.0-85099304602
649,2-s2.0-85094832307
650,2-s2.0-85091440429
651,2-s2.0-85106811366
652,2-s2.0-85042588950
653,2-s2.0-85058895368
654,2-s2.0-85089266943
655,2-s2.0-85088534738
656,2-s2.0-85093851437
657,2-s2.0-85057777107
658,2-s2.0-85049379646
659,2-s2.0-85063272031
660,2-s2.0-85093901922
661,2-s2.0-85057786111
662,2-s2.0-85102579645
663,2-s2.0-85089172610
664,2-s2.0-85065201443
665,2-s2.0-85158943107
666,2-s2.0-85079266208
667,2-s2.0-85063626499
668,2-s2.0-85081213751
669,2-s2.0-85041604549
670,2-s2.0-85106792749
671,2-s2.0-85088388825
672,2-s2.0-85074049629
673,2-s2.0-85053782835
674,2-s2.0-85089438760
675,2-s2.0-85081961442
676,2-s2.0-85104798601
677,2-s2.0-85048202580
678,2-s2.0-85070452041
679,2-s2.0-85074799369
680,2-s2.0-85074046735
681,2-s2.0-85082463999
682,2-s2.0-85060458436
683,2-s2.0-85089028241
684,2-s2.0-85043308045
685,2-s2.0-85050621304
686,2-s2.0-85045015137
687,2-s2.0-85082526734
688,2-s2.0-85045073129
689,2-s2.0-85121934234
690,2-s2.0-85090113734
691,2-s2.0-85090799656
692,2-s2.0-85078148557
693,2-s2.0-85069848014
694,2-s2.0-85096508706
695,2-s2.0-85068385715
696,2-s2.0-85085147356
697,2-s2.0-85079158006
698,2-s2.0-85090336897
699,2-s2.0-85107874653
700,2-s2.0-85081010408
701,2-s2.0-85086243979
702,2-s2.0-85076508195
703,2-s2.0-85074267663
704,2-s2.0-85057344922
705,2-s2.0-85085311641
706,2-s2.0-85062543079
707,2-s2.0-105010937609
708,2-s2.0-85047141456
709,2-s2.0-85093886041
710,2-s2.0-85059071994
711,2-s2.0-85110703675
712,2-s2.0-85082391342
713,2-s2.0-85059737924
714,2-s2.0-85139302813
715,2-s2.0-85074010593
716,2-s2.0-85088832205
717,2-s2.0-85056828686
718,2-s2.0-85099005434
719,2-s2.0-85085282066
720,2-s2.0-85088388306
721,2-s2.0-85149564535
722,2-s2.0-85106815086
723,2-s2.0-85088473722
724,2-s2.0-85067052090
725,2-s2.0-85063269503
726,2-s2.0-85044677128
727,2-s2.0-85041183927
728,2-s2.0-85062060503
729,2-s2.0-84957990577
730,2-s2.0-84910649616
731,2-s2.0-86000237832
732,2-s2.0-85015291142
733,2-s2.0-84978370448
734,2-s2.0-85016403948
735,2-s2.0-85062617218
736,2-s2.0-85059160009
737,2-s2.0-85029718354
738,2-s2.0-84983548382
739,2-s2.0-84939262416
740,2-s2.0-84994275594
741,2-s2.0-85034865249
742,2-s2.0-84941366480
743,2-s2.0-85034979692
744,2-s2.0-85006507839
745,2-s2.0-84979835745
746,2-s2.0-84975873878
747,2-s2.0-85032939641
748,2-s2.0-84930607216
749,2-s2.0-85010959754
750,2-s2.0-84924069319
751,2-s2.0-84906036379
752,2-s2.0-84997820934
753,2-s2.0-84979018657
754,2-s2.0-85016421552
755,2-s2.0-84939233268
756,2-s2.0-84958719576
757,2-s2.0-85019412059
758,2-s2.0-85041730149
759,2-s2.0-85015936521
760,2-s2.0-84975882045
761,2-s2.0-85018331800
762,2-s2.0-85013670135
763,2-s2.0-85016137872
764,2-s2.0-85047787744
765,2-s2.0-84981344777
766,2-s2.0-85027058732
767,2-s2.0-85055844319
768,2-s2.0-85084780078
769,2-s2.0-86000111831
770,2-s2.0-85020272823
771,2-s2.0-85011317370
772,2-s2.0-84967103750
773,2-s2.0-85210684130
774,2-s2.0-85030663077
775,2-s2.0-84971665234
776,2-s2.0-84973345402
777,2-s2.0-84949482129
778,2-s2.0-84992568309
779,2-s2.0-84939267815
780,2-s2.0-85040828014
781,2-s2.0-84949256865
782,2-s2.0-84975862692
783,2-s2.0-105047570767
784,2-s2.0-84945569859
785,2-s2.0-85130816177
786,2-s2.0-84924812616
787,2-s2.0-84995932456
788,2-s2.0-84940383482
789,2-s2.0-84990050523
790,2-s2.0-85130823814
791,2-s2.0-85018726003
792,2-s2.0-84995684209
793,2-s2.0-85143455648
794,2-s2.0-84876166619
795,2-s2.0-85020284977
796,2-s2.0-84930432364
797,2-s2.0-84974670739
798,2-s2.0-85061157435
799,2-s2.0-84975061778
800,2-s2.0-85040784926
801,2-s2.0-84974688563
802,2-s2.0-85020239419
803,2-s2.0-84947327809
804,2-s2.0-84979742082
805,2-s2.0-84929944674
806,2-s2.0-85026202412
807,2-s2.0-84945452210
808,2-s2.0-85023188307
809,2-s2.0-84975833723
810,2-s2.0-85068863394
811,2-s2.0-84997522582
812,2-s2.0-84990047443
813,2-s2.0-85039851760
814,2-s2.0-84975807222
815,2-s2.0-84994246362
816,2-s2.0-84975087306
817,2-s2.0-85015943921
818,2-s2.0-84922124935
819,2-s2.0-85011310399
820,2-s2.0-84977265381
821,2-s2.0-85018575310
822,2-s2.0-84951775502
823,2-s2.0-84958694945
824,2-s2.0-84975842596
825,2-s2.0-79960791116
826,2-s2.0-84975062049
827,2-s2.0-85136988594
828,2-s2.0-85017422691
829,2-s2.0-85010676741
830,2-s2.0-84994464177
831,2-s2.0-84971220866
832,2-s2.0-84938742402
833,2-s2.0-85218484600
834,2-s2.0-85028998690
835,2-s2.0-85008685622
836,2-s2.0-85042563833
837,2-s2.0-85039156918
838,2-s2.0-84923272374
839,2-s2.0-85020289913
840,2-s2.0-84978387428
841,2-s2.0-85016472586
842,2-s2.0-85029835931
843,2-s2.0-84991728885
844,2-s2.0-84956879974
845,2-s2.0-84991229262
846,2-s2.0-85050050858
847,2-s2.0-85043508267
848,2-s2.0-84975832598
849,2-s2.0-84963838626
850,2-s2.0-84920920163
851,2-s2.0-84999008882
852,2-s2.0-85016321121
853,2-s2.0-85023779935
854,2-s2.0-85024391207
855,2-s2.0-84964914864
856,2-s2.0-85016157099
857,2-s2.0-85011000213
858,2-s2.0-84975796079
859,2-s2.0-84966708346
860,2-s2.0-84946903465
861,2-s2.0-84978371932
862,2-s2.0-84997427879
863,2-s2.0-85018589232
864,2-s2.0-84949664051
865,2-s2.0-85023178017
866,2-s2.0-84975824408
867,2-s2.0-84938065412
868,2-s2.0-84975815587
869,2-s2.0-84960347244
870,2-s2.0-105040880576
871,2-s2.0-85047478370
872,2-s2.0-85030613229
873,2-s2.0-84957433962
874,2-s2.0-84941641092
875,2-s2.0-85001838156
876,2-s2.0-84958968676
877,2-s2.0-84991670850
878,2-s2.0-85017291853
879,2-s2.0-84930177397
880,2-s2.0-84962868905
881,2-s2.0-85049605289
882,2-s2.0-84988419931
883,2-s2.0-84931030134
884,2-s2.0-84974733329
885,2-s2.0-85028637309
886,2-s2.0-84933672833
887,2-s2.0-85010817799
888,2-s2.0-84950157631
889,2-s2.0-84978399484
890,2-s2.0-85028892519
891,2-s2.0-85010773933
892,2-s2.0-85049887895
893,2-s2.0-85020286016
894,2-s2.0-85218306567
895,2-s2.0-84936060172
896,2-s2.0-85218299163
897,2-s2.0-84975879135
898,2-s2.0-85206415873
899,2-s2.0-84977533439
900,2-s2.0-84995777901
901,2-s2.0-84925682694
902,2-s2.0-86000049135
903,2-s2.0-84924455253
904,2-s2.0-84919665018
905,2-s2.0-84875492519
906,2-s2.0-84896270352
907,2-s2.0-84908455051
908,2-s2.0-84987934333
909,2-s2.0-84886458898
910,2-s2.0-84880250939
911,2-s2.0-84875065357
912,2-s2.0-84904443969
913,2-s2.0-84890484454
914,2-s2.0-84890448564
915,2-s2.0-84897814442
916,2-s2.0-84929176939
917,2-s2.0-84945162719
918,2-s2.0-84923432637
919,2-s2.0-84987947862
920,2-s2.0-84923501906
921,2-s2.0-84878928459
922,2-s2.0-84879118129
923,2-s2.0-84890540536
924,2-s2.0-84869473153
925,2-s2.0-84996480153
926,2-s2.0-84867809203
927,2-s2.0-84888594740
928,2-s2.0-84906501088
929,2-s2.0-84871853941
930,2-s2.0-84887508474
931,2-s2.0-84890448243
932,2-s2.0-84896993583
933,2-s2.0-84959139855
934,2-s2.0-84893900420
935,2-s2.0-84906050557
936,2-s2.0-86000093130
937,2-s2.0-84866491755
938,2-s2.0-84913584330
939,2-s2.0-84897654397
940,2-s2.0-84906053995
941,2-s2.0-84891585296
942,2-s2.0-84866844667
943,2-s2.0-85031034345
944,2-s2.0-85048465810
945,2-s2.0-84916900227
946,2-s2.0-84893906583
947,2-s2.0-84902080978
948,2-s2.0-84901844244
949,2-s2.0-84923388664
950,2-s2.0-84896756636
951,2-s2.0-84890497018
952,2-s2.0-84988476756
953,2-s2.0-84904416872
954,2-s2.0-84887610815
955,2-s2.0-84878640202
956,2-s2.0-84899485704
957,2-s2.0-84882585915
958,2-s2.0-84885614161
959,2-s2.0-84875731053
960,2-s2.0-84883062932
961,2-s2.0-84900797111
962,2-s2.0-85113960004
963,2-s2.0-84873840569
964,2-s2.0-85027955577
965,2-s2.0-84923479463
966,2-s2.0-84874447809
967,2-s2.0-86000072493
968,2-s2.0-84872394274
969,2-s2.0-84876709160
970,2-s2.0-84946493056
971,2-s2.0-84890478602
972,2-s2.0-84904438571
973,2-s2.0-85067162084
974,2-s2.0-84867233047
975,2-s2.0-85023783538
976,2-s2.0-84907879420
977,2-s2.0-84877592574
978,2-s2.0-84911008778
979,2-s2.0-84943338887
980,2-s2.0-84911032984
981,2-s2.0-84906066662
982,2-s2.0-84937900730
983,2-s2.0-85027479968
984,2-s2.0-84886821832
985,2-s2.0-84926981923
986,2-s2.0-84906076233
987,2-s2.0-84923445114
988,2-s2.0-84929153595
989,2-s2.0-84893982030
990,2-s2.0-84893963753
991,2-s2.0-84903220290
992,2-s2.0-84923484619
993,2-s2.0-84923393702
994,2-s2.0-84937417529
995,2-s2.0-105025324157
996,2-s2.0-84894372890
997,2-s2.0-84910104777
998,2-s2.0-84887868231
999,2-s2.0-84927521463
1000,2-s2.0-84890454682
1001,2-s2.0-84926974367
1002,2-s2.0-84875710129
1003,2-s2.0-86000118710
1004,2-s2.0-84885952972
1005,2-s2.0-84909640369
1006,2-s2.0-84904410268
1007,2-s2.0-84886825038
1008,2-s2.0-84866546110
1009,2-s2.0-84939419937
1010,2-s2.0-84876910189
1011,2-s2.0-84884751130
1012,2-s2.0-84875244973
1013,2-s2.0-84909584645
1014,2-s2.0-84908451225
1015,2-s2.0-84923483442
1016,2-s2.0-84998673711
1017,2-s2.0-84874912170
1018,2-s2.0-105029612935
1019,2-s2.0-86000105509
1020,2-s2.0-84888598424
1021,2-s2.0-84883784753
1022,2-s2.0-84904434493
1023,2-s2.0-84906068626
1024,2-s2.0-105037968941
1025,2-s2.0-84896393438
1026,2-s2.0-84882956484
1027,2-s2.0-84908247208
1028,2-s2.0-84988005875
1029,2-s2.0-84911379230
1030,2-s2.0-84904434361
1031,2-s2.0-84886540042
1032,2-s2.0-84893695150
1033,2-s2.0-84902545152
1034,2-s2.0-84998854681
1035,2-s2.0-84885956050
1036,2-s2.0-84885613703
1037,2-s2.0-105040009408
1038,2-s2.0-84881915143
1039,2-s2.0-84883053972
1040,2-s2.0-84869860879
1041,2-s2.0-84906046762
1042,2-s2.0-84869818089
1043,2-s2.0-84890522628
1044,2-s2.0-84875836321
1045,2-s2.0-84872403697
1046,2-s2.0-85028115706
1047,2-s2.0-84877621371
1048,2-s2.0-84906662046
1049,2-s2.0-84891661955
1050,2-s2.0-84908229497
1051,2-s2.0-85186801042
1052,2-s2.0-84877927505
1053,2-s2.0-84872733814
1054,2-s2.0-84871234738
1055,2-s2.0-84923505933
1056,2-s2.0-84876385277
1057,2-s2.0-84923449585
1058,2-s2.0-84904413937
1059,2-s2.0-84923408537
1060,2-s2.0-84904444318
1061,2-s2.0-84895855710
1062,2-s2.0-84883751445
1063,2-s2.0-85146083124
1064,2-s2.0-84929177127
1065,2-s2.0-84888610226
1066,2-s2.0-84907652119
1067,2-s2.0-85031032887
1068,2-s2.0-84893915890
1069,2-s2.0-84880982116
1070,2-s2.0-84877772111
1071,2-s2.0-85020129967
1072,2-s2.0-84883701082
1073,2-s2.0-84899884346
1074,2-s2.0-84888618055
1075,2-s2.0-84873750294
1076,2-s2.0-84883063201
1077,2-s2.0-84882414447
1078,2-s2.0-84885635637
1079,2-s2.0-85044585674
1080,2-s2.0-84888596530
1081,2-s2.0-84886005681
1082,2-s2.0-84923068860
1083,2-s2.0-84883389769
1084,2-s2.0-84878301729
1085,2-s2.0-82955203148
1086,2-s2.0-79955710567
1087,2-s2.0-77951985726
1088,2-s2.0-77956400862
1089,2-s2.0-84923417796
1090,2-s2.0-79957624290
1091,2-s2.0-79958113041
1092,2-s2.0-84855430726
1093,2-s2.0-84923420712
1094,2-s2.0-79961197557
1095,2-s2.0-77953542386
1096,2-s2.0-84949189521
1097,2-s2.0-84255196142
1098,2-s2.0-77956223273
1099,2-s2.0-77957163430
1100,2-s2.0-84927028914
1101,2-s2.0-84858194706
1102,2-s2.0-84891784228
1103,2-s2.0-74149083572
1104,2-s2.0-84891583769
1105,2-s2.0-84858006957
1106,2-s2.0-84857283269
1107,2-s2.0-84864411870
1108,2-s2.0-77951237589
1109,2-s2.0-80955122773
1110,2-s2.0-85013706026
1111,2-s2.0-79955726719
1112,2-s2.0-78149245306
1113,2-s2.0-84993019118
1114,2-s2.0-80053444358
1115,2-s2.0-84865723202
1116,2-s2.0-77955360617
1117,2-s2.0-84857654428
1118,2-s2.0-77956880587
1119,2-s2.0-79957549737
1120,2-s2.0-78049300967
1121,2-s2.0-78751582402
1122,2-s2.0-84891585175
1123,2-s2.0-79955709158
1124,2-s2.0-84923519503
1125,2-s2.0-80052573246
1126,2-s2.0-84923481831
1127,2-s2.0-79952546640
1128,2-s2.0-77958507117
1129,2-s2.0-77953019360
1130,2-s2.0-84858951864
1131,2-s2.0-84861604628
1132,2-s2.0-78650060707
1133,2-s2.0-79960428363
1134,2-s2.0-84863515061
1135,2-s2.0-84860388417
1136,2-s2.0-84862727597
1137,2-s2.0-78649472596
1138,2-s2.0-79551507984
1139,2-s2.0-82655162515
1140,2-s2.0-79961105506
1141,2-s2.0-78651277502
1142,2-s2.0-84859112730
1143,2-s2.0-77952671892
1144,2-s2.0-77951207430
1145,2-s2.0-80052690496
1146,2-s2.0-84855385134
1147,2-s2.0-84873041874
1148,2-s2.0-78149445133
1149,2-s2.0-84870040932
1150,2-s2.0-84860347228
1151,2-s2.0-84860347227
1152,2-s2.0-79957541478
1153,2-s2.0-85077013356
1154,2-s2.0-80053006823
1155,2-s2.0-77956337535
1156,2-s2.0-79957575107
1157,2-s2.0-77956403364
1158,2-s2.0-84923391557
1159,2-s2.0-81455148267
1160,2-s2.0-77956413045
1161,2-s2.0-80053565325
1162,2-s2.0-80053910635
1163,2-s2.0-84857379907
1164,2-s2.0-84897223261
1165,2-s2.0-84857333918
1166,2-s2.0-84892499102
1167,2-s2.0-77957347045
1168,2-s2.0-84860232166
1169,2-s2.0-79955726393
1170,2-s2.0-84858422560
1171,2-s2.0-79955736186
1172,2-s2.0-84886680253
1173,2-s2.0-77951172340
1174,2-s2.0-84861913661
1175,2-s2.0-81455131620
1176,2-s2.0-85011759593
1177,2-s2.0-84855431286
1178,2-s2.0-77958579612
1179,2-s2.0-80051789058
1180,2-s2.0-84859237092
1181,2-s2.0-79958713382
1182,2-s2.0-77957709323
1183,2-s2.0-77956402096
1184,2-s2.0-84863437041
1185,2-s2.0-78149379940
1186,2-s2.0-84899328309
1187,2-s2.0-78649445204
1188,2-s2.0-80052362782
1189,2-s2.0-84855441214
1190,2-s2.0-84860189957
1191,2-s2.0-84861691053
1192,2-s2.0-84923241045
1193,2-s2.0-79952797771
1194,2-s2.0-77951854660
1195,2-s2.0-77958024834
1196,2-s2.0-84860390158
1197,2-s2.0-85006368094
1198,2-s2.0-85113386543
1199,2-s2.0-85011444784
1200,2-s2.0-85015648179
1201,2-s2.0-70449091804
1202,2-s2.0-84933502834
1203,2-s2.0-84861830608
1204,2-s2.0-79958038780
1205,2-s2.0-80052702987
1206,2-s2.0-79959702306
1207,2-s2.0-84927114434
1208,2-s2.0-77950197591
1209,2-s2.0-84923415160
1210,2-s2.0-84858285029
1211,2-s2.0-79957574640
1212,2-s2.0-84867964999
1213,2-s2.0-78049317776
1214,2-s2.0-84855830963
1215,2-s2.0-84858837325
1216,2-s2.0-52949107998
1217,2-s2.0-66249100567
1218,2-s2.0-42149101193
1219,2-s2.0-84896271794
1220,2-s2.0-49449087253
1221,2-s2.0-84956049826
1222,2-s2.0-84892024775
1223,2-s2.0-85049072216
1224,2-s2.0-84891375413
1225,2-s2.0-58049120840
1226,2-s2.0-77649145929
1227,2-s2.0-77955084202
1228,2-s2.0-70449780251
1229,2-s2.0-43049135749
1230,2-s2.0-34547357927
1231,2-s2.0-37549009521
1232,2-s2.0-84884300552
1233,2-s2.0-54349124545
1234,2-s2.0-59149096455
1235,2-s2.0-73849094733
1236,2-s2.0-44649139217
1237,2-s2.0-54149108790
1238,2-s2.0-70350327033
1239,2-s2.0-52649126233
1240,2-s2.0-70449585456
1241,2-s2.0-67049136982
1242,2-s2.0-70449869471
1243,2-s2.0-62749198635
1244,2-s2.0-70449116651
1245,2-s2.0-55549106111
1246,2-s2.0-39749134077
1247,2-s2.0-66249108596
1248,2-s2.0-84992979593
1249,2-s2.0-84970997428
1250,2-s2.0-70350540795
1251,2-s2.0-70350437737
1252,2-s2.0-40949144180
1253,2-s2.0-34548088936
1254,2-s2.0-66249098556
1255,2-s2.0-77649164852
1256,2-s2.0-34547903217
1257,2-s2.0-79961170327
1258,2-s2.0-44249117113
1259,2-s2.0-72749110734
1260,2-s2.0-68249137118
1261,2-s2.0-71049143652
1262,2-s2.0-66149190828
1263,2-s2.0-74049162008
1264,2-s2.0-70449574525
1265,2-s2.0-34548489159
1266,2-s2.0-52649125332
1267,2-s2.0-46149120574
1268,2-s2.0-36348936699
1269,2-s2.0-70350761626
1270,2-s2.0-34250165798
1271,2-s2.0-85064936299
1272,2-s2.0-64049119707
1273,2-s2.0-84896310021
1274,2-s2.0-46149117031
1275,2-s2.0-41349094208
1276,2-s2.0-34548645008
1277,2-s2.0-58849091783
1278,2-s2.0-70449569222
1279,2-s2.0-85056821139
1280,2-s2.0-73849139740
1281,2-s2.0-34547144253
1282,2-s2.0-84924184172
1283,2-s2.0-85064951401
1284,2-s2.0-70350267685
1285,2-s2.0-77950741240
1286,2-s2.0-70350525340
1287,2-s2.0-77649176965
1288,2-s2.0-84986014892
1289,2-s2.0-73149104667
1290,2-s2.0-68349159154
1291,2-s2.0-66249104351
1292,2-s2.0-52249123859
1293,2-s2.0-34548061297
1294,2-s2.0-37749034568
1295,2-s2.0-68349154820
1296,2-s2.0-70449441022
1297,2-s2.0-62749158647
1298,2-s2.0-34548080958
1299,2-s2.0-62749169987
1300,2-s2.0-46149109275
1301,2-s2.0-77951175536
1302,2-s2.0-75649120759
1303,2-s2.0-45949109574
1304,2-s2.0-67650763514
1305,2-s2.0-34548055648
1306,2-s2.0-34547488954
1307,2-s2.0-77950217310
1308,2-s2.0-38149030248
1309,2-s2.0-52349101490
1310,2-s2.0-77956142349
1311,2-s2.0-45949107002
1312,2-s2.0-34848925422
1313,2-s2.0-58049203983
1314,2-s2.0-77955254652
1315,2-s2.0-65349145189
1316,2-s2.0-67349190936
1317,2-s2.0-70449556577
1318,2-s2.0-77951083482
1319,2-s2.0-34548078540
1320,2-s2.0-58049203982
1321,2-s2.0-33947314210
1322,2-s2.0-62749090952
1323,2-s2.0-77649100050
1324,2-s2.0-70350309356
1325,2-s2.0-70450204369
1326,2-s2.0-77649293478
1327,2-s2.0-85018599037
1328,2-s2.0-84882509585
1329,2-s2.0-85032783488
1330,2-s2.0-84896306594
1331,2-s2.0-41749103786
1332,2-s2.0-57049142005
1333,2-s2.0-44849126834
1334,2-s2.0-47849124871
1335,2-s2.0-67049110349
1336,2-s2.0-52649150330
1337,2-s2.0-43549086450
1338,2-s2.0-58349102731
1339,2-s2.0-58249120893
1340,2-s2.0-39749096471
1341,2-s2.0-70350772369
1342,2-s2.0-58149305644
1343,2-s2.0-40749100195
1344,2-s2.0-77950216971
1345,2-s2.0-43449109779
1346,2-s2.0-77149127725
1347,2-s2.0-84895371391
1348,2-s2.0-66249083830
1349,2-s2.0-52649083734
1350,2-s2.0-77649283352
1351,2-s2.0-70449589984
1352,2-s2.0-70449589985
1353,2-s2.0-58649113188
1354,2-s2.0-84992442904
1355,2-s2.0-77950278382
1356,2-s2.0-66249117330
1357,2-s2.0-84960894044
1358,2-s2.0-33846545504
1359,2-s2.0-0038603017
1360,2-s2.0-84891431214
1361,2-s2.0-84886823000
1362,2-s2.0-24644448305
1363,2-s2.0-34249878721
1364,2-s2.0-33751582543
1365,2-s2.0-33846507171
1366,2-s2.0-34250830147
1367,2-s2.0-33748440600
1368,2-s2.0-84967432013
1369,2-s2.0-34248585749
1370,2-s2.0-34547362298
1371,2-s2.0-35549010167
1372,2-s2.0-15544363619
1373,2-s2.0-33645084536
1374,2-s2.0-33644513077
1375,2-s2.0-35548993611
1376,2-s2.0-35448998128
1377,2-s2.0-29844452900
1378,2-s2.0-79959884439
1379,2-s2.0-27844481975
1380,2-s2.0-42449088660
1381,2-s2.0-84923471784
1382,2-s2.0-0040080308
1383,2-s2.0-54249129963
1384,2-s2.0-84891391324
1385,2-s2.0-84881541169
1386,2-s2.0-84889833225
1387,2-s2.0-1542402022
1388,2-s2.0-35548997128
1389,2-s2.0-15544376362
1390,2-s2.0-35548955951
1391,2-s2.0-33744921347
1392,2-s2.0-7444226875
1393,2-s2.0-33846503870
1394,2-s2.0-23944516772
1395,2-s2.0-37849189253
1396,2-s2.0-77953350436
1397,2-s2.0-34249089918
1398,2-s2.0-7644230105
1399,2-s2.0-34447513676
1400,2-s2.0-0242425112
1401,2-s2.0-0003011466
1402,2-s2.0-0034398863
1403,2-s2.0-0001202725
