paper_id,parent_embedding_row,embedding_row
2-s2.0-105013645261,0,0
2-s2.0-85211604820,2,1
2-s2.0-105040531495,3,2
2-s2.0-105002301455,5,3
2-s2.0-105044379223,6,4
2-s2.0-105009074845,7,5
2-s2.0-85173456939,12,6
2-s2.0-105009325743,13,7
2-s2.0-105004756026,15,8
2-s2.0-105016757914,17,9
2-s2.0-105006758988,18,10
2-s2.0-86000645125,19,11
2-s2.0-105046205220,20,12
2-s2.0-105037788661,26,13
2-s2.0-105008719538,28,14
2-s2.0-105016728268,31,15
2-s2.0-105002746284,32,16
2-s2.0-105024445998,34,17
2-s2.0-105051066991,35,18
2-s2.0-105013633176,37,19
2-s2.0-105018995982,38,20
2-s2.0-85219155015,39,21
2-s2.0-105035160996,41,22
2-s2.0-105017493391,42,23
2-s2.0-105040603722,44,24
2-s2.0-105030101327,46,25
2-s2.0-85210411008,48,26
2-s2.0-105036599663,49,27
2-s2.0-85189354737,51,28
2-s2.0-105017931321,56,29
2-s2.0-85218838334,58,30
2-s2.0-105016869955,62,31
2-s2.0-105041187723,63,32
2-s2.0-105039506470,65,33
2-s2.0-105014975822,66,34
2-s2.0-105032993123,68,35
2-s2.0-105040946870,70,36
2-s2.0-85217199706,72,37
2-s2.0-105011846309,73,38
2-s2.0-105007635218,75,39
2-s2.0-105004916676,76,40
2-s2.0-105010061866,77,41
2-s2.0-105044953348,78,42
2-s2.0-105038218373,79,43
2-s2.0-105001506641,81,44
2-s2.0-105040338534,83,45
2-s2.0-105035123322,84,46
2-s2.0-85205580999,85,47
2-s2.0-105019296125,89,48
2-s2.0-105004629117,90,49
2-s2.0-105012266453,93,50
2-s2.0-105010944681,95,51
2-s2.0-105016056301,99,52
2-s2.0-105013188362,100,53
2-s2.0-105029982972,104,54
2-s2.0-105040557371,106,55
2-s2.0-85217846747,110,56
2-s2.0-105017152917,111,57
2-s2.0-105022777974,116,58
2-s2.0-105008914168,118,59
2-s2.0-105036421029,120,60
2-s2.0-105010936179,121,61
2-s2.0-105031683970,124,62
2-s2.0-85213731177,127,63
2-s2.0-105034078299,128,64
2-s2.0-105032140261,130,65
2-s2.0-86000434057,133,66
2-s2.0-105008766956,136,67
2-s2.0-105004721536,140,68
2-s2.0-105027968695,142,69
2-s2.0-105017782258,145,70
2-s2.0-105035716436,146,71
2-s2.0-85212489874,147,72
2-s2.0-105037292589,148,73
2-s2.0-105012373950,149,74
2-s2.0-105043036775,150,75
2-s2.0-105010848755,153,76
2-s2.0-105004603596,155,77
2-s2.0-105009012721,156,78
2-s2.0-105036365849,158,79
2-s2.0-105026509871,160,80
2-s2.0-105005838840,163,81
2-s2.0-105031559396,164,82
2-s2.0-85211033260,165,83
2-s2.0-105029641136,167,84
2-s2.0-105004710102,169,85
2-s2.0-105002232677,170,86
2-s2.0-105018089922,171,87
2-s2.0-105043282991,172,88
2-s2.0-105011249050,176,89
2-s2.0-105015099408,178,90
2-s2.0-85217183621,180,91
2-s2.0-105046147185,181,92
2-s2.0-105004603493,182,93
2-s2.0-105024006441,186,94
2-s2.0-85215100178,187,95
2-s2.0-105009405434,190,96
2-s2.0-105004603679,192,97
2-s2.0-105038078842,193,98
2-s2.0-105050386231,195,99
2-s2.0-105040217687,197,100
2-s2.0-105013856045,205,101
2-s2.0-105043347310,207,102
2-s2.0-85177480728,209,103
2-s2.0-105004603565,213,104
2-s2.0-105004603686,214,105
2-s2.0-105018262163,220,106
2-s2.0-85217830420,223,107
2-s2.0-105000009235,226,108
2-s2.0-105043095781,227,109
2-s2.0-105004603457,228,110
2-s2.0-85215409650,231,111
2-s2.0-105041061105,232,112
2-s2.0-105040871311,234,113
2-s2.0-105011359848,239,114
2-s2.0-105022791090,240,115
2-s2.0-105038373113,242,116
2-s2.0-105007298874,245,117
2-s2.0-105029639067,246,118
2-s2.0-105012521382,247,119
2-s2.0-105040655863,249,120
2-s2.0-105036789779,250,121
2-s2.0-105002132399,251,122
2-s2.0-105035714896,252,123
2-s2.0-105031904859,253,124
2-s2.0-105047632920,256,125
2-s2.0-85212847185,259,126
2-s2.0-105011693511,260,127
2-s2.0-105004909117,261,128
2-s2.0-105003589557,262,129
2-s2.0-105008349540,264,130
2-s2.0-105040534295,265,131
2-s2.0-105016811051,268,132
2-s2.0-105012899217,270,133
2-s2.0-105004603523,271,134
2-s2.0-105018337967,272,135
2-s2.0-105042136854,274,136
2-s2.0-85211143193,276,137
2-s2.0-105034961535,278,138
2-s2.0-105031763445,279,139
2-s2.0-105014381330,280,140
2-s2.0-85216065169,282,141
2-s2.0-105005507817,283,142
2-s2.0-105015123894,286,143
2-s2.0-105021134054,287,144
2-s2.0-105034882012,291,145
2-s2.0-105001091830,292,146
2-s2.0-105004603770,295,147
2-s2.0-85210129383,296,148
2-s2.0-105012536787,297,149
2-s2.0-85219543611,298,150
2-s2.0-105045652079,300,151
2-s2.0-105007011230,302,152
2-s2.0-105025088799,303,153
2-s2.0-85176943703,307,154
2-s2.0-105019579401,309,155
2-s2.0-85165353454,310,156
2-s2.0-105003407733,311,157
2-s2.0-105009293108,313,158
2-s2.0-85216597571,314,159
2-s2.0-85197422596,315,160
2-s2.0-105041146648,316,161
2-s2.0-105010038376,319,162
2-s2.0-105022280702,320,163
2-s2.0-105029523612,321,164
2-s2.0-105031554584,322,165
2-s2.0-105009293303,323,166
2-s2.0-85217569562,325,167
2-s2.0-105006446612,329,168
2-s2.0-105033570572,330,169
2-s2.0-105014754187,337,170
2-s2.0-105019514871,341,171
2-s2.0-105031076295,342,172
2-s2.0-105035033710,343,173
2-s2.0-105042363084,344,174
2-s2.0-105019220221,345,175
2-s2.0-105009912523,348,176
2-s2.0-105011353220,349,177
2-s2.0-105048141146,350,178
2-s2.0-105041030203,353,179
2-s2.0-105037073121,356,180
2-s2.0-105046644465,357,181
2-s2.0-105028951691,360,182
2-s2.0-105020772521,361,183
2-s2.0-105037505296,362,184
2-s2.0-105038046966,363,185
2-s2.0-105012597642,367,186
2-s2.0-105017931166,372,187
2-s2.0-85217153790,373,188
2-s2.0-105015352672,378,189
2-s2.0-105013389938,379,190
2-s2.0-105046998969,380,191
2-s2.0-105011536156,382,192
2-s2.0-105016909015,385,193
2-s2.0-105029733514,387,194
2-s2.0-105017502121,388,195
2-s2.0-105003259449,393,196
2-s2.0-105031763168,394,197
2-s2.0-105038972259,397,198
2-s2.0-105036106843,398,199
2-s2.0-105020459903,399,200
2-s2.0-105021304015,400,201
2-s2.0-105029135285,403,202
2-s2.0-105041929796,404,203
2-s2.0-105002632036,405,204
2-s2.0-105001950547,411,205
2-s2.0-105049472729,415,206
2-s2.0-105040728175,420,207
2-s2.0-105004603709,423,208
2-s2.0-105017966215,424,209
2-s2.0-105044731529,425,210
2-s2.0-105048041537,426,211
2-s2.0-85207997268,427,212
2-s2.0-85196058134,432,213
2-s2.0-105024492614,437,214
2-s2.0-85164439604,440,215
2-s2.0-85141645123,441,216
2-s2.0-85165544598,442,217
2-s2.0-85193920954,444,218
2-s2.0-85180538421,457,219
2-s2.0-85192600046,458,220
2-s2.0-105025060867,465,221
2-s2.0-85188019818,469,222
2-s2.0-85173842412,472,223
2-s2.0-85179109099,475,224
2-s2.0-85168775292,478,225
2-s2.0-105024692020,482,226
2-s2.0-85149068808,483,227
2-s2.0-85166068655,485,228
2-s2.0-85176743201,488,229
2-s2.0-105025179904,489,230
2-s2.0-85188494083,490,231
2-s2.0-85186530589,492,232
2-s2.0-85181211364,493,233
2-s2.0-85188910201,494,234
2-s2.0-85213195033,496,235
2-s2.0-85179660053,498,236
2-s2.0-85212908833,499,237
2-s2.0-85138522330,501,238
2-s2.0-85153070689,502,239
2-s2.0-85195387554,507,240
2-s2.0-105015061231,508,241
2-s2.0-85181065439,512,242
2-s2.0-85164210687,515,243
2-s2.0-85153972008,516,244
2-s2.0-85194420523,517,245
2-s2.0-85205217001,522,246
2-s2.0-85176920052,523,247
2-s2.0-85147536749,528,248
2-s2.0-85189874147,529,249
2-s2.0-85176273819,531,250
2-s2.0-85211789520,533,251
2-s2.0-85192965485,535,252
2-s2.0-85182175192,536,253
2-s2.0-85196106021,538,254
2-s2.0-85180795640,542,255
2-s2.0-85165464858,543,256
2-s2.0-85150645951,544,257
2-s2.0-85160053497,546,258
2-s2.0-85189142475,548,259
2-s2.0-85202500275,554,260
2-s2.0-105000408004,559,261
2-s2.0-85141978289,560,262
2-s2.0-85190148915,563,263
2-s2.0-105032272697,565,264
2-s2.0-85161926394,568,265
2-s2.0-85197373963,574,266
2-s2.0-105025430931,575,267
2-s2.0-85207923951,576,268
2-s2.0-85202497374,579,269
2-s2.0-85132101514,581,270
2-s2.0-85193518878,585,271
2-s2.0-85176292372,587,272
2-s2.0-85152106413,590,273
2-s2.0-85205235700,591,274
2-s2.0-85209669028,592,275
2-s2.0-105016741893,593,276
2-s2.0-85142794955,594,277
2-s2.0-85191177503,596,278
2-s2.0-85165167246,597,279
2-s2.0-85214350976,599,280
2-s2.0-85165346313,604,281
2-s2.0-105004500699,608,282
2-s2.0-105006548817,611,283
2-s2.0-85204132958,612,284
2-s2.0-85203270954,613,285
2-s2.0-85202709287,614,286
2-s2.0-85161462337,615,287
2-s2.0-85204514438,619,288
2-s2.0-85196539838,622,289
2-s2.0-85214145071,627,290
2-s2.0-85198546521,630,291
2-s2.0-85153623474,634,292
2-s2.0-85213781938,635,293
2-s2.0-85185098577,636,294
2-s2.0-85142383539,638,295
2-s2.0-85206174369,640,296
2-s2.0-85165893261,644,297
2-s2.0-85210960619,645,298
2-s2.0-85191330410,653,299
2-s2.0-85111623171,654,300
2-s2.0-85201414474,661,301
2-s2.0-85148525422,663,302
2-s2.0-85198658113,664,303
2-s2.0-105012120378,667,304
2-s2.0-85190646897,668,305
2-s2.0-85200240785,669,306
2-s2.0-85210877308,670,307
2-s2.0-105004119290,671,308
2-s2.0-85213378754,674,309
2-s2.0-85171345246,675,310
2-s2.0-85202510687,680,311
2-s2.0-85185602349,681,312
2-s2.0-85165116995,684,313
2-s2.0-85142768043,686,314
2-s2.0-85188158885,688,315
2-s2.0-85167685567,690,316
2-s2.0-85217989682,693,317
2-s2.0-85167779965,695,318
2-s2.0-85159162791,696,319
2-s2.0-85142203937,699,320
2-s2.0-85172927845,700,321
2-s2.0-85121314985,701,322
2-s2.0-85168564264,702,323
2-s2.0-85166062660,703,324
2-s2.0-85191786665,706,325
2-s2.0-85174519144,708,326
2-s2.0-85192758719,709,327
2-s2.0-85176590300,713,328
2-s2.0-105006771173,717,329
2-s2.0-85178231747,720,330
2-s2.0-85196614252,724,331
2-s2.0-85130063023,726,332
2-s2.0-85152173391,729,333
2-s2.0-85188249424,733,334
2-s2.0-85196086276,736,335
2-s2.0-85212700378,737,336
2-s2.0-85179942390,740,337
2-s2.0-105035911769,741,338
2-s2.0-85210100961,743,339
2-s2.0-85174349499,748,340
2-s2.0-105013862333,750,341
2-s2.0-85159204757,751,342
2-s2.0-105004690726,756,343
2-s2.0-85176587176,757,344
2-s2.0-85199137943,761,345
2-s2.0-105012035055,762,346
2-s2.0-85148506051,763,347
2-s2.0-85194063269,768,348
2-s2.0-85202723609,769,349
2-s2.0-85185525303,770,350
2-s2.0-85180154760,773,351
2-s2.0-85150496825,775,352
2-s2.0-85172423548,776,353
2-s2.0-85138369920,777,354
2-s2.0-85143673745,790,355
2-s2.0-85174080245,796,356
2-s2.0-85205227870,798,357
2-s2.0-105001890459,800,358
2-s2.0-85169795709,803,359
2-s2.0-85199206735,807,360
2-s2.0-85208097619,810,361
2-s2.0-85153701096,812,362
2-s2.0-85186843052,815,363
2-s2.0-85184003700,817,364
2-s2.0-85149658995,818,365
2-s2.0-85214185028,820,366
2-s2.0-85147806067,821,367
2-s2.0-85200469153,822,368
2-s2.0-85190090897,830,369
2-s2.0-105025031064,831,370
2-s2.0-85164404806,833,371
2-s2.0-85194191359,834,372
2-s2.0-85148009956,839,373
2-s2.0-85207217613,842,374
2-s2.0-85182644900,844,375
2-s2.0-85182198813,846,376
2-s2.0-85190998890,847,377
2-s2.0-85184417109,849,378
2-s2.0-85128282396,852,379
2-s2.0-85119673956,854,380
2-s2.0-85143646988,859,381
2-s2.0-85081243773,866,382
2-s2.0-85091123229,868,383
2-s2.0-85120075784,872,384
2-s2.0-85100904108,874,385
2-s2.0-85117204739,875,386
2-s2.0-85131910140,876,387
2-s2.0-85135597263,879,388
2-s2.0-85182489261,881,389
2-s2.0-85143862554,883,390
2-s2.0-85135597271,885,391
2-s2.0-85126072602,888,392
2-s2.0-85124725524,892,393
2-s2.0-85179688798,893,394
2-s2.0-85135596287,894,395
2-s2.0-85149055312,895,396
2-s2.0-85127541030,896,397
2-s2.0-85109808208,899,398
2-s2.0-85144492989,902,399
2-s2.0-85138513964,904,400
2-s2.0-85135596273,906,401
2-s2.0-85135597247,907,402
2-s2.0-85124737739,909,403
2-s2.0-85126687233,910,404
2-s2.0-85173404476,912,405
2-s2.0-85102652219,916,406
2-s2.0-85105278779,917,407
2-s2.0-85104049392,920,408
2-s2.0-85105213056,921,409
2-s2.0-85212467558,924,410
2-s2.0-85174065490,931,411
2-s2.0-85101908289,934,412
2-s2.0-85107810431,935,413
2-s2.0-85082418581,936,414
2-s2.0-85135828872,937,415
2-s2.0-85113170041,938,416
2-s2.0-85182464054,939,417
2-s2.0-85118538679,941,418
2-s2.0-85104572746,943,419
2-s2.0-85147680720,945,420
2-s2.0-85120973726,946,421
2-s2.0-85191940079,947,422
2-s2.0-85130210833,958,423
2-s2.0-85135597432,962,424
2-s2.0-85087308637,966,425
2-s2.0-85173322359,968,426
2-s2.0-85182473871,971,427
2-s2.0-85099910431,973,428
2-s2.0-85129178653,976,429
2-s2.0-85205203741,978,430
2-s2.0-85132619023,979,431
2-s2.0-85182486827,985,432
2-s2.0-85130491255,986,433
2-s2.0-85127445178,989,434
2-s2.0-85121917201,994,435
2-s2.0-85159070821,995,436
2-s2.0-85147658287,997,437
2-s2.0-85139815112,998,438
2-s2.0-85116323976,999,439
2-s2.0-85163151761,1001,440
2-s2.0-85145956728,1005,441
2-s2.0-85105336339,1008,442
2-s2.0-85123398398,1013,443
2-s2.0-85120809234,1015,444
2-s2.0-85165017013,1020,445
2-s2.0-85125635680,1028,446
2-s2.0-85127505113,1029,447
2-s2.0-85099602371,1036,448
2-s2.0-85125746177,1039,449
2-s2.0-85121556708,1042,450
2-s2.0-85135597733,1045,451
2-s2.0-85123025191,1052,452
2-s2.0-85106641706,1053,453
2-s2.0-85135597972,1055,454
2-s2.0-85099511791,1057,455
2-s2.0-85127409181,1061,456
2-s2.0-85099055541,1065,457
2-s2.0-85182492430,1067,458
2-s2.0-85092913728,1070,459
2-s2.0-85137910253,1072,460
2-s2.0-85092244465,1075,461
2-s2.0-85129245265,1076,462
2-s2.0-85099261296,1080,463
2-s2.0-85135596862,1083,464
2-s2.0-85147876418,1085,465
2-s2.0-85182482179,1086,466
2-s2.0-85182464984,1091,467
2-s2.0-85182483282,1094,468
2-s2.0-85136724693,1098,469
2-s2.0-85098053809,1099,470
2-s2.0-85102301227,1104,471
2-s2.0-85143423714,1105,472
2-s2.0-85103386482,1106,473
2-s2.0-85128407609,1110,474
2-s2.0-85133093433,1118,475
2-s2.0-85128943783,1122,476
2-s2.0-85135400401,1125,477
2-s2.0-85134484269,1126,478
2-s2.0-85137314241,1128,479
2-s2.0-85139061693,1133,480
2-s2.0-85138321404,1134,481
2-s2.0-85121642165,1136,482
2-s2.0-85124569749,1140,483
2-s2.0-85106021394,1142,484
2-s2.0-85101029152,1143,485
2-s2.0-85182459470,1146,486
2-s2.0-85139050668,1149,487
2-s2.0-85163163787,1150,488
2-s2.0-85105122690,1151,489
2-s2.0-85152560484,1153,490
2-s2.0-85110325959,1154,491
2-s2.0-85128851533,1155,492
2-s2.0-85102635823,1156,493
2-s2.0-85102153648,1157,494
2-s2.0-105022174064,1158,495
2-s2.0-85127233809,1159,496
2-s2.0-85143505814,1160,497
2-s2.0-85128565769,1163,498
2-s2.0-85140006436,1164,499
2-s2.0-85117284141,1169,500
2-s2.0-85134209371,1170,501
2-s2.0-85117220665,1175,502
2-s2.0-85114987675,1177,503
2-s2.0-85142339612,1178,504
2-s2.0-105000664252,1180,505
2-s2.0-85124522306,1181,506
2-s2.0-85117229116,1182,507
2-s2.0-85130791913,1185,508
2-s2.0-85086020370,1186,509
2-s2.0-85168769412,1187,510
2-s2.0-85134784163,1188,511
2-s2.0-85131487654,1194,512
2-s2.0-85100086838,1199,513
2-s2.0-85147948745,1200,514
2-s2.0-86000709274,1201,515
2-s2.0-85167351670,1202,516
2-s2.0-85112698890,1206,517
2-s2.0-85135439143,1207,518
2-s2.0-85162627179,1208,519
2-s2.0-85113666457,1210,520
2-s2.0-85118558000,1211,521
2-s2.0-85141396900,1212,522
2-s2.0-85130512037,1216,523
2-s2.0-85127498720,1217,524
2-s2.0-85073996233,1218,525
2-s2.0-85200729546,1219,526
2-s2.0-85087510838,1220,527
2-s2.0-85117091669,1221,528
2-s2.0-85078464412,1226,529
2-s2.0-85127298024,1228,530
2-s2.0-85117164435,1235,531
2-s2.0-85126521063,1237,532
2-s2.0-85087135699,1238,533
2-s2.0-85098063410,1239,534
2-s2.0-105004816166,1253,535
2-s2.0-85099953193,1256,536
2-s2.0-85114445777,1257,537
2-s2.0-85135332147,1258,538
2-s2.0-85128007152,1259,539
2-s2.0-85127253135,1260,540
2-s2.0-85108564826,1262,541
2-s2.0-85134217165,1266,542
2-s2.0-85135598037,1267,543
2-s2.0-85102053631,1271,544
2-s2.0-85130544244,1272,545
2-s2.0-85124769863,1274,546
2-s2.0-85138667164,1276,547
2-s2.0-85125775284,1279,548
2-s2.0-85138357415,1284,549
2-s2.0-85135763262,1287,550
2-s2.0-85214271657,1288,551
2-s2.0-85130338643,1295,552
2-s2.0-85195294130,1296,553
2-s2.0-85105092153,1300,554
2-s2.0-85182495033,1301,555
2-s2.0-85098856842,1302,556
2-s2.0-85056319203,1314,557
2-s2.0-85030456116,1317,558
2-s2.0-85099241356,1319,559
2-s2.0-85068316985,1320,560
2-s2.0-85042426047,1323,561
2-s2.0-85076187466,1324,562
2-s2.0-85060827560,1325,563
2-s2.0-85049980400,1326,564
2-s2.0-85048530709,1328,565
2-s2.0-85068784594,1330,566
2-s2.0-85048077173,1332,567
2-s2.0-85054152735,1335,568
2-s2.0-85106818661,1337,569
2-s2.0-85063750696,1340,570
2-s2.0-85010908017,1343,571
2-s2.0-85056321732,1346,572
2-s2.0-85045109147,1351,573
2-s2.0-85104811894,1352,574
2-s2.0-85059232671,1355,575
2-s2.0-85100882444,1356,576
2-s2.0-85062680719,1360,577
2-s2.0-85106797567,1362,578
2-s2.0-85021109887,1364,579
2-s2.0-85072051031,1366,580
2-s2.0-85050511542,1369,581
2-s2.0-85164491391,1370,582
2-s2.0-85095615416,1371,583
2-s2.0-85081379772,1372,584
2-s2.0-85061923258,1373,585
2-s2.0-85068049287,1378,586
2-s2.0-85096654560,1383,587
2-s2.0-85087818219,1386,588
2-s2.0-85071714412,1388,589
2-s2.0-85081366676,1390,590
2-s2.0-85056834050,1391,591
2-s2.0-85065878700,1396,592
2-s2.0-85092680724,1397,593
2-s2.0-85053444620,1399,594
2-s2.0-85102147446,1400,595
2-s2.0-85144893671,1401,596
2-s2.0-85034833746,1405,597
2-s2.0-85051675679,1406,598
2-s2.0-85082736290,1407,599
2-s2.0-85056461710,1408,600
2-s2.0-85096533095,1409,601
2-s2.0-85121723742,1410,602
2-s2.0-85048048851,1414,603
2-s2.0-85078325101,1415,604
2-s2.0-85073107448,1416,605
2-s2.0-85056455166,1419,606
2-s2.0-85035080740,1421,607
2-s2.0-85065758061,1422,608
2-s2.0-85088511114,1423,609
2-s2.0-85085600908,1427,610
2-s2.0-85082430286,1428,611
2-s2.0-85066943902,1431,612
2-s2.0-85075540599,1433,613
2-s2.0-85119597379,1437,614
2-s2.0-85063929201,1443,615
2-s2.0-85045855192,1444,616
2-s2.0-85078187001,1445,617
2-s2.0-85069532966,1446,618
2-s2.0-85176617800,1447,619
2-s2.0-85095720197,1448,620
2-s2.0-85074940717,1451,621
2-s2.0-85085854774,1452,622
2-s2.0-85065165578,1453,623
2-s2.0-85086246561,1454,624
2-s2.0-85166184736,1462,625
2-s2.0-85074680301,1463,626
2-s2.0-85084364532,1466,627
2-s2.0-85063946020,1472,628
2-s2.0-85051107744,1474,629
2-s2.0-85077313190,1479,630
2-s2.0-85088515522,1480,631
2-s2.0-85029504787,1485,632
2-s2.0-85088527992,1488,633
2-s2.0-85136435763,1489,634
2-s2.0-85088502433,1490,635
2-s2.0-85150708052,1496,636
2-s2.0-85130237599,1504,637
2-s2.0-85070906878,1505,638
2-s2.0-85073300842,1507,639
2-s2.0-85066912035,1508,640
2-s2.0-85081949702,1509,641
2-s2.0-85096684575,1511,642
2-s2.0-85070008885,1513,643
2-s2.0-85073532829,1519,644
2-s2.0-85088373750,1520,645
2-s2.0-85055752466,1521,646
2-s2.0-85074526022,1522,647
2-s2.0-85099304602,1524,648
2-s2.0-85094832307,1535,649
2-s2.0-85091440429,1538,650
2-s2.0-85106811366,1540,651
2-s2.0-85042588950,1543,652
2-s2.0-85058895368,1545,653
2-s2.0-85089266943,1548,654
2-s2.0-85088534738,1552,655
2-s2.0-85093851437,1555,656
2-s2.0-85057777107,1557,657
2-s2.0-85049379646,1565,658
2-s2.0-85063272031,1569,659
2-s2.0-85093901922,1573,660
2-s2.0-85057786111,1577,661
2-s2.0-85102579645,1578,662
2-s2.0-85089172610,1579,663
2-s2.0-85065201443,1583,664
2-s2.0-85158943107,1584,665
2-s2.0-85079266208,1590,666
2-s2.0-85063626499,1591,667
2-s2.0-85081213751,1593,668
2-s2.0-85041604549,1595,669
2-s2.0-85106792749,1596,670
2-s2.0-85088388825,1598,671
2-s2.0-85074049629,1600,672
2-s2.0-85053782835,1613,673
2-s2.0-85089438760,1614,674
2-s2.0-85081961442,1615,675
2-s2.0-85104798601,1616,676
2-s2.0-85048202580,1618,677
2-s2.0-85070452041,1619,678
2-s2.0-85074799369,1622,679
2-s2.0-85074046735,1623,680
2-s2.0-85082463999,1624,681
2-s2.0-85060458436,1632,682
2-s2.0-85089028241,1633,683
2-s2.0-85043308045,1634,684
2-s2.0-85050621304,1635,685
2-s2.0-85045015137,1637,686
2-s2.0-85082526734,1639,687
2-s2.0-85045073129,1640,688
2-s2.0-85121934234,1642,689
2-s2.0-85090113734,1643,690
2-s2.0-85090799656,1645,691
2-s2.0-85078148557,1646,692
2-s2.0-85069848014,1647,693
2-s2.0-85096508706,1649,694
2-s2.0-85068385715,1650,695
2-s2.0-85085147356,1652,696
2-s2.0-85079158006,1655,697
2-s2.0-85090336897,1657,698
2-s2.0-85107874653,1658,699
2-s2.0-85081010408,1659,700
2-s2.0-85086243979,1660,701
2-s2.0-85076508195,1661,702
2-s2.0-85074267663,1662,703
2-s2.0-85057344922,1665,704
2-s2.0-85085311641,1667,705
2-s2.0-85062543079,1669,706
2-s2.0-105010937609,1670,707
2-s2.0-85047141456,1674,708
2-s2.0-85093886041,1675,709
2-s2.0-85059071994,1678,710
2-s2.0-85110703675,1679,711
2-s2.0-85082391342,1680,712
2-s2.0-85059737924,1681,713
2-s2.0-85139302813,1683,714
2-s2.0-85074010593,1684,715
2-s2.0-85088832205,1688,716
2-s2.0-85056828686,1694,717
2-s2.0-85099005434,1701,718
2-s2.0-85085282066,1702,719
2-s2.0-85088388306,1703,720
2-s2.0-85149564535,1707,721
2-s2.0-85106815086,1714,722
2-s2.0-85088473722,1715,723
2-s2.0-85067052090,1720,724
2-s2.0-85063269503,1722,725
2-s2.0-85044677128,1724,726
2-s2.0-85041183927,1725,727
2-s2.0-85062060503,1727,728
2-s2.0-84957990577,1729,729
2-s2.0-84910649616,1730,730
2-s2.0-86000237832,1732,731
2-s2.0-85015291142,1737,732
2-s2.0-84978370448,1739,733
2-s2.0-85016403948,1743,734
2-s2.0-85062617218,1745,735
2-s2.0-85059160009,1746,736
2-s2.0-85029718354,1747,737
2-s2.0-84983548382,1748,738
2-s2.0-84939262416,1749,739
2-s2.0-84994275594,1751,740
2-s2.0-85034865249,1752,741
2-s2.0-84941366480,1755,742
2-s2.0-85034979692,1758,743
2-s2.0-85006507839,1760,744
2-s2.0-84979835745,1761,745
2-s2.0-84975873878,1762,746
2-s2.0-85032939641,1776,747
2-s2.0-84930607216,1782,748
2-s2.0-85010959754,1784,749
2-s2.0-84924069319,1786,750
2-s2.0-84906036379,1787,751
2-s2.0-84997820934,1789,752
2-s2.0-84979018657,1794,753
2-s2.0-85016421552,1795,754
2-s2.0-84939233268,1801,755
2-s2.0-84958719576,1803,756
2-s2.0-85019412059,1805,757
2-s2.0-85041730149,1806,758
2-s2.0-85015936521,1807,759
2-s2.0-84975882045,1808,760
2-s2.0-85018331800,1811,761
2-s2.0-85013670135,1812,762
2-s2.0-85016137872,1813,763
2-s2.0-85047787744,1814,764
2-s2.0-84981344777,1820,765
2-s2.0-85027058732,1823,766
2-s2.0-85055844319,1824,767
2-s2.0-85084780078,1826,768
2-s2.0-86000111831,1829,769
2-s2.0-85020272823,1830,770
2-s2.0-85011317370,1837,771
2-s2.0-84967103750,1840,772
2-s2.0-85210684130,1841,773
2-s2.0-85030663077,1844,774
2-s2.0-84971665234,1848,775
2-s2.0-84973345402,1850,776
2-s2.0-84949482129,1852,777
2-s2.0-84992568309,1853,778
2-s2.0-84939267815,1854,779
2-s2.0-85040828014,1855,780
2-s2.0-84949256865,1856,781
2-s2.0-84975862692,1860,782
2-s2.0-105047570767,1865,783
2-s2.0-84945569859,1866,784
2-s2.0-85130816177,1867,785
2-s2.0-84924812616,1873,786
2-s2.0-84995932456,1878,787
2-s2.0-84940383482,1879,788
2-s2.0-84990050523,1881,789
2-s2.0-85130823814,1882,790
2-s2.0-85018726003,1892,791
2-s2.0-84995684209,1896,792
2-s2.0-85143455648,1899,793
2-s2.0-84876166619,1901,794
2-s2.0-85020284977,1902,795
2-s2.0-84930432364,1903,796
2-s2.0-84974670739,1904,797
2-s2.0-85061157435,1906,798
2-s2.0-84975061778,1907,799
2-s2.0-85040784926,1910,800
2-s2.0-84974688563,1911,801
2-s2.0-85020239419,1915,802
2-s2.0-84947327809,1918,803
2-s2.0-84979742082,1920,804
2-s2.0-84929944674,1922,805
2-s2.0-85026202412,1924,806
2-s2.0-84945452210,1928,807
2-s2.0-85023188307,1930,808
2-s2.0-84975833723,1931,809
2-s2.0-85068863394,1934,810
2-s2.0-84997522582,1936,811
2-s2.0-84990047443,1937,812
2-s2.0-85039851760,1940,813
2-s2.0-84975807222,1946,814
2-s2.0-84994246362,1950,815
2-s2.0-84975087306,1954,816
2-s2.0-85015943921,1955,817
2-s2.0-84922124935,1958,818
2-s2.0-85011310399,1959,819
2-s2.0-84977265381,1969,820
2-s2.0-85018575310,1971,821
2-s2.0-84951775502,1972,822
2-s2.0-84958694945,1973,823
2-s2.0-84975842596,1974,824
2-s2.0-79960791116,1976,825
2-s2.0-84975062049,1977,826
2-s2.0-85136988594,1979,827
2-s2.0-85017422691,1982,828
2-s2.0-85010676741,1983,829
2-s2.0-84994464177,1987,830
2-s2.0-84971220866,1989,831
2-s2.0-84938742402,1990,832
2-s2.0-85218484600,1995,833
2-s2.0-85028998690,1999,834
2-s2.0-85008685622,2000,835
2-s2.0-85042563833,2002,836
2-s2.0-85039156918,2004,837
2-s2.0-84923272374,2006,838
2-s2.0-85020289913,2010,839
2-s2.0-84978387428,2013,840
2-s2.0-85016472586,2017,841
2-s2.0-85029835931,2019,842
2-s2.0-84991728885,2023,843
2-s2.0-84956879974,2025,844
2-s2.0-84991229262,2026,845
2-s2.0-85050050858,2027,846
2-s2.0-85043508267,2030,847
2-s2.0-84975832598,2033,848
2-s2.0-84963838626,2036,849
2-s2.0-84920920163,2039,850
2-s2.0-84999008882,2043,851
2-s2.0-85016321121,2045,852
2-s2.0-85023779935,2047,853
2-s2.0-85024391207,2048,854
2-s2.0-84964914864,2050,855
2-s2.0-85016157099,2056,856
2-s2.0-85011000213,2057,857
2-s2.0-84975796079,2058,858
2-s2.0-84966708346,2059,859
2-s2.0-84946903465,2061,860
2-s2.0-84978371932,2064,861
2-s2.0-84997427879,2065,862
2-s2.0-85018589232,2066,863
2-s2.0-84949664051,2068,864
2-s2.0-85023178017,2069,865
2-s2.0-84975824408,2070,866
2-s2.0-84938065412,2071,867
2-s2.0-84975815587,2072,868
2-s2.0-84960347244,2073,869
2-s2.0-105040880576,2074,870
2-s2.0-85047478370,2075,871
2-s2.0-85030613229,2078,872
2-s2.0-84957433962,2079,873
2-s2.0-84941641092,2080,874
2-s2.0-85001838156,2081,875
2-s2.0-84958968676,2082,876
2-s2.0-84991670850,2085,877
2-s2.0-85017291853,2086,878
2-s2.0-84930177397,2087,879
2-s2.0-84962868905,2089,880
2-s2.0-85049605289,2091,881
2-s2.0-84988419931,2092,882
2-s2.0-84931030134,2099,883
2-s2.0-84974733329,2104,884
2-s2.0-85028637309,2105,885
2-s2.0-84933672833,2107,886
2-s2.0-85010817799,2112,887
2-s2.0-84950157631,2116,888
2-s2.0-84978399484,2118,889
2-s2.0-85028892519,2120,890
2-s2.0-85010773933,2121,891
2-s2.0-85049887895,2125,892
2-s2.0-85020286016,2126,893
2-s2.0-85218306567,2127,894
2-s2.0-84936060172,2131,895
2-s2.0-85218299163,2132,896
2-s2.0-84975879135,2134,897
2-s2.0-85206415873,2135,898
2-s2.0-84977533439,2136,899
2-s2.0-84995777901,2138,900
2-s2.0-84925682694,2140,901
2-s2.0-86000049135,2145,902
2-s2.0-84924455253,2148,903
2-s2.0-84919665018,2156,904
2-s2.0-84875492519,2158,905
2-s2.0-84896270352,2168,906
2-s2.0-84908455051,2170,907
2-s2.0-84987934333,2174,908
2-s2.0-84886458898,2175,909
2-s2.0-84880250939,2176,910
2-s2.0-84875065357,2178,911
2-s2.0-84904443969,2179,912
2-s2.0-84890484454,2180,913
2-s2.0-84890448564,2182,914
2-s2.0-84897814442,2191,915
2-s2.0-84929176939,2193,916
2-s2.0-84945162719,2202,917
2-s2.0-84923432637,2207,918
2-s2.0-84987947862,2208,919
2-s2.0-84923501906,2209,920
2-s2.0-84878928459,2218,921
2-s2.0-84879118129,2221,922
2-s2.0-84890540536,2222,923
2-s2.0-84869473153,2228,924
2-s2.0-84996480153,2230,925
2-s2.0-84867809203,2232,926
2-s2.0-84888594740,2236,927
2-s2.0-84906501088,2243,928
2-s2.0-84871853941,2244,929
2-s2.0-84887508474,2245,930
2-s2.0-84890448243,2248,931
2-s2.0-84896993583,2249,932
2-s2.0-84959139855,2251,933
2-s2.0-84893900420,2254,934
2-s2.0-84906050557,2255,935
2-s2.0-86000093130,2257,936
2-s2.0-84866491755,2258,937
2-s2.0-84913584330,2259,938
2-s2.0-84897654397,2260,939
2-s2.0-84906053995,2263,940
2-s2.0-84891585296,2264,941
2-s2.0-84866844667,2267,942
2-s2.0-85031034345,2268,943
2-s2.0-85048465810,2270,944
2-s2.0-84916900227,2272,945
2-s2.0-84893906583,2275,946
2-s2.0-84902080978,2284,947
2-s2.0-84901844244,2286,948
2-s2.0-84923388664,2290,949
2-s2.0-84896756636,2294,950
2-s2.0-84890497018,2295,951
2-s2.0-84988476756,2297,952
2-s2.0-84904416872,2298,953
2-s2.0-84887610815,2300,954
2-s2.0-84878640202,2306,955
2-s2.0-84899485704,2307,956
2-s2.0-84882585915,2308,957
2-s2.0-84885614161,2309,958
2-s2.0-84875731053,2310,959
2-s2.0-84883062932,2312,960
2-s2.0-84900797111,2320,961
2-s2.0-85113960004,2323,962
2-s2.0-84873840569,2324,963
2-s2.0-85027955577,2325,964
2-s2.0-84923479463,2328,965
2-s2.0-84874447809,2331,966
2-s2.0-86000072493,2336,967
2-s2.0-84872394274,2337,968
2-s2.0-84876709160,2338,969
2-s2.0-84946493056,2339,970
2-s2.0-84890478602,2343,971
2-s2.0-84904438571,2345,972
2-s2.0-85067162084,2346,973
2-s2.0-84867233047,2347,974
2-s2.0-85023783538,2351,975
2-s2.0-84907879420,2352,976
2-s2.0-84877592574,2354,977
2-s2.0-84911008778,2358,978
2-s2.0-84943338887,2359,979
2-s2.0-84911032984,2362,980
2-s2.0-84906066662,2364,981
2-s2.0-84937900730,2365,982
2-s2.0-85027479968,2367,983
2-s2.0-84886821832,2368,984
2-s2.0-84926981923,2370,985
2-s2.0-84906076233,2372,986
2-s2.0-84923445114,2373,987
2-s2.0-84929153595,2375,988
2-s2.0-84893982030,2380,989
2-s2.0-84893963753,2381,990
2-s2.0-84903220290,2382,991
2-s2.0-84923484619,2383,992
2-s2.0-84923393702,2387,993
2-s2.0-84937417529,2389,994
2-s2.0-105025324157,2391,995
2-s2.0-84894372890,2393,996
2-s2.0-84910104777,2395,997
2-s2.0-84887868231,2396,998
2-s2.0-84927521463,2397,999
2-s2.0-84890454682,2398,1000
2-s2.0-84926974367,2401,1001
2-s2.0-84875710129,2407,1002
2-s2.0-86000118710,2409,1003
2-s2.0-84885952972,2410,1004
2-s2.0-84909640369,2411,1005
2-s2.0-84904410268,2412,1006
2-s2.0-84886825038,2414,1007
2-s2.0-84866546110,2416,1008
2-s2.0-84939419937,2419,1009
2-s2.0-84876910189,2420,1010
2-s2.0-84884751130,2423,1011
2-s2.0-84875244973,2424,1012
2-s2.0-84909584645,2425,1013
2-s2.0-84908451225,2429,1014
2-s2.0-84923483442,2433,1015
2-s2.0-84998673711,2434,1016
2-s2.0-84874912170,2437,1017
2-s2.0-105029612935,2439,1018
2-s2.0-86000105509,2443,1019
2-s2.0-84888598424,2446,1020
2-s2.0-84883784753,2448,1021
2-s2.0-84904434493,2451,1022
2-s2.0-84906068626,2454,1023
2-s2.0-105037968941,2456,1024
2-s2.0-84896393438,2457,1025
2-s2.0-84882956484,2458,1026
2-s2.0-84908247208,2459,1027
2-s2.0-84988005875,2460,1028
2-s2.0-84911379230,2466,1029
2-s2.0-84904434361,2468,1030
2-s2.0-84886540042,2469,1031
2-s2.0-84893695150,2474,1032
2-s2.0-84902545152,2479,1033
2-s2.0-84998854681,2481,1034
2-s2.0-84885956050,2483,1035
2-s2.0-84885613703,2485,1036
2-s2.0-105040009408,2486,1037
2-s2.0-84881915143,2488,1038
2-s2.0-84883053972,2489,1039
2-s2.0-84869860879,2490,1040
2-s2.0-84906046762,2493,1041
2-s2.0-84869818089,2494,1042
2-s2.0-84890522628,2496,1043
2-s2.0-84875836321,2497,1044
2-s2.0-84872403697,2503,1045
2-s2.0-85028115706,2504,1046
2-s2.0-84877621371,2505,1047
2-s2.0-84906662046,2512,1048
2-s2.0-84891661955,2514,1049
2-s2.0-84908229497,2517,1050
2-s2.0-85186801042,2518,1051
2-s2.0-84877927505,2519,1052
2-s2.0-84872733814,2523,1053
2-s2.0-84871234738,2525,1054
2-s2.0-84923505933,2527,1055
2-s2.0-84876385277,2528,1056
2-s2.0-84923449585,2529,1057
2-s2.0-84904413937,2531,1058
2-s2.0-84923408537,2533,1059
2-s2.0-84904444318,2535,1060
2-s2.0-84895855710,2536,1061
2-s2.0-84883751445,2537,1062
2-s2.0-85146083124,2538,1063
2-s2.0-84929177127,2539,1064
2-s2.0-84888610226,2540,1065
2-s2.0-84907652119,2542,1066
2-s2.0-85031032887,2545,1067
2-s2.0-84893915890,2546,1068
2-s2.0-84880982116,2548,1069
2-s2.0-84877772111,2549,1070
2-s2.0-85020129967,2550,1071
2-s2.0-84883701082,2553,1072
2-s2.0-84899884346,2555,1073
2-s2.0-84888618055,2556,1074
2-s2.0-84873750294,2558,1075
2-s2.0-84883063201,2561,1076
2-s2.0-84882414447,2564,1077
2-s2.0-84885635637,2565,1078
2-s2.0-85044585674,2567,1079
2-s2.0-84888596530,2570,1080
2-s2.0-84886005681,2571,1081
2-s2.0-84923068860,2572,1082
2-s2.0-84883389769,2573,1083
2-s2.0-84878301729,2577,1084
2-s2.0-82955203148,2582,1085
2-s2.0-79955710567,2585,1086
2-s2.0-77951985726,2586,1087
2-s2.0-77956400862,2587,1088
2-s2.0-84923417796,2594,1089
2-s2.0-79957624290,2595,1090
2-s2.0-79958113041,2598,1091
2-s2.0-84855430726,2599,1092
2-s2.0-84923420712,2605,1093
2-s2.0-79961197557,2606,1094
2-s2.0-77953542386,2607,1095
2-s2.0-84949189521,2609,1096
2-s2.0-84255196142,2614,1097
2-s2.0-77956223273,2616,1098
2-s2.0-77957163430,2617,1099
2-s2.0-84927028914,2619,1100
2-s2.0-84858194706,2620,1101
2-s2.0-84891784228,2625,1102
2-s2.0-74149083572,2626,1103
2-s2.0-84891583769,2630,1104
2-s2.0-84858006957,2631,1105
2-s2.0-84857283269,2634,1106
2-s2.0-84864411870,2637,1107
2-s2.0-77951237589,2638,1108
2-s2.0-80955122773,2639,1109
2-s2.0-85013706026,2640,1110
2-s2.0-79955726719,2641,1111
2-s2.0-78149245306,2642,1112
2-s2.0-84993019118,2643,1113
2-s2.0-80053444358,2645,1114
2-s2.0-84865723202,2647,1115
2-s2.0-77955360617,2649,1116
2-s2.0-84857654428,2651,1117
2-s2.0-77956880587,2653,1118
2-s2.0-79957549737,2654,1119
2-s2.0-78049300967,2657,1120
2-s2.0-78751582402,2662,1121
2-s2.0-84891585175,2663,1122
2-s2.0-79955709158,2666,1123
2-s2.0-84923519503,2669,1124
2-s2.0-80052573246,2671,1125
2-s2.0-84923481831,2673,1126
2-s2.0-79952546640,2676,1127
2-s2.0-77958507117,2681,1128
2-s2.0-77953019360,2685,1129
2-s2.0-84858951864,2686,1130
2-s2.0-84861604628,2690,1131
2-s2.0-78650060707,2691,1132
2-s2.0-79960428363,2699,1133
2-s2.0-84863515061,2703,1134
2-s2.0-84860388417,2704,1135
2-s2.0-84862727597,2705,1136
2-s2.0-78649472596,2708,1137
2-s2.0-79551507984,2714,1138
2-s2.0-82655162515,2715,1139
2-s2.0-79961105506,2719,1140
2-s2.0-78651277502,2720,1141
2-s2.0-84859112730,2721,1142
2-s2.0-77952671892,2723,1143
2-s2.0-77951207430,2726,1144
2-s2.0-80052690496,2727,1145
2-s2.0-84855385134,2729,1146
2-s2.0-84873041874,2732,1147
2-s2.0-78149445133,2738,1148
2-s2.0-84870040932,2739,1149
2-s2.0-84860347228,2742,1150
2-s2.0-84860347227,2743,1151
2-s2.0-79957541478,2747,1152
2-s2.0-85077013356,2748,1153
2-s2.0-80053006823,2752,1154
2-s2.0-77956337535,2753,1155
2-s2.0-79957575107,2754,1156
2-s2.0-77956403364,2756,1157
2-s2.0-84923391557,2757,1158
2-s2.0-81455148267,2758,1159
2-s2.0-77956413045,2761,1160
2-s2.0-80053565325,2762,1161
2-s2.0-80053910635,2763,1162
2-s2.0-84857379907,2765,1163
2-s2.0-84897223261,2770,1164
2-s2.0-84857333918,2771,1165
2-s2.0-84892499102,2773,1166
2-s2.0-77957347045,2775,1167
2-s2.0-84860232166,2777,1168
2-s2.0-79955726393,2778,1169
2-s2.0-84858422560,2779,1170
2-s2.0-79955736186,2782,1171
2-s2.0-84886680253,2784,1172
2-s2.0-77951172340,2786,1173
2-s2.0-84861913661,2787,1174
2-s2.0-81455131620,2792,1175
2-s2.0-85011759593,2794,1176
2-s2.0-84855431286,2799,1177
2-s2.0-77958579612,2802,1178
2-s2.0-80051789058,2804,1179
2-s2.0-84859237092,2807,1180
2-s2.0-79958713382,2809,1181
2-s2.0-77957709323,2811,1182
2-s2.0-77956402096,2813,1183
2-s2.0-84863437041,2814,1184
2-s2.0-78149379940,2815,1185
2-s2.0-84899328309,2817,1186
2-s2.0-78649445204,2820,1187
2-s2.0-80052362782,2823,1188
2-s2.0-84855441214,2825,1189
2-s2.0-84860189957,2826,1190
2-s2.0-84861691053,2829,1191
2-s2.0-84923241045,2833,1192
2-s2.0-79952797771,2841,1193
2-s2.0-77951854660,2849,1194
2-s2.0-77958024834,2850,1195
2-s2.0-84860390158,2851,1196
2-s2.0-85006368094,2856,1197
2-s2.0-85113386543,2857,1198
2-s2.0-85011444784,2858,1199
2-s2.0-85015648179,2859,1200
2-s2.0-70449091804,2861,1201
2-s2.0-84933502834,2866,1202
2-s2.0-84861830608,2869,1203
2-s2.0-79958038780,2870,1204
2-s2.0-80052702987,2873,1205
2-s2.0-79959702306,2878,1206
2-s2.0-84927114434,2879,1207
2-s2.0-77950197591,2883,1208
2-s2.0-84923415160,2884,1209
2-s2.0-84858285029,2886,1210
2-s2.0-79957574640,2892,1211
2-s2.0-84867964999,2895,1212
2-s2.0-78049317776,2898,1213
2-s2.0-84855830963,2901,1214
2-s2.0-84858837325,2908,1215
2-s2.0-52949107998,2918,1216
2-s2.0-66249100567,2929,1217
2-s2.0-42149101193,2931,1218
2-s2.0-84896271794,2932,1219
2-s2.0-49449087253,2934,1220
2-s2.0-84956049826,2935,1221
2-s2.0-84892024775,2943,1222
2-s2.0-85049072216,2952,1223
2-s2.0-84891375413,2953,1224
2-s2.0-58049120840,2955,1225
2-s2.0-77649145929,2956,1226
2-s2.0-77955084202,2957,1227
2-s2.0-70449780251,2960,1228
2-s2.0-43049135749,2961,1229
2-s2.0-34547357927,2964,1230
2-s2.0-37549009521,2965,1231
2-s2.0-84884300552,2970,1232
2-s2.0-54349124545,2971,1233
2-s2.0-59149096455,2973,1234
2-s2.0-73849094733,2974,1235
2-s2.0-44649139217,2975,1236
2-s2.0-54149108790,2976,1237
2-s2.0-70350327033,2979,1238
2-s2.0-52649126233,2980,1239
2-s2.0-70449585456,2984,1240
2-s2.0-67049136982,2986,1241
2-s2.0-70449869471,2989,1242
2-s2.0-62749198635,2991,1243
2-s2.0-70449116651,2992,1244
2-s2.0-55549106111,2993,1245
2-s2.0-39749134077,2997,1246
2-s2.0-66249108596,2999,1247
2-s2.0-84992979593,3000,1248
2-s2.0-84970997428,3004,1249
2-s2.0-70350540795,3006,1250
2-s2.0-70350437737,3007,1251
2-s2.0-40949144180,3010,1252
2-s2.0-34548088936,3014,1253
2-s2.0-66249098556,3015,1254
2-s2.0-77649164852,3018,1255
2-s2.0-34547903217,3019,1256
2-s2.0-79961170327,3022,1257
2-s2.0-44249117113,3023,1258
2-s2.0-72749110734,3025,1259
2-s2.0-68249137118,3026,1260
2-s2.0-71049143652,3027,1261
2-s2.0-66149190828,3028,1262
2-s2.0-74049162008,3031,1263
2-s2.0-70449574525,3034,1264
2-s2.0-34548489159,3035,1265
2-s2.0-52649125332,3039,1266
2-s2.0-46149120574,3046,1267
2-s2.0-36348936699,3047,1268
2-s2.0-70350761626,3049,1269
2-s2.0-34250165798,3051,1270
2-s2.0-85064936299,3053,1271
2-s2.0-64049119707,3056,1272
2-s2.0-84896310021,3060,1273
2-s2.0-46149117031,3062,1274
2-s2.0-41349094208,3063,1275
2-s2.0-34548645008,3064,1276
2-s2.0-58849091783,3065,1277
2-s2.0-70449569222,3080,1278
2-s2.0-85056821139,3082,1279
2-s2.0-73849139740,3086,1280
2-s2.0-34547144253,3087,1281
2-s2.0-84924184172,3090,1282
2-s2.0-85064951401,3094,1283
2-s2.0-70350267685,3095,1284
2-s2.0-77950741240,3097,1285
2-s2.0-70350525340,3099,1286
2-s2.0-77649176965,3101,1287
2-s2.0-84986014892,3110,1288
2-s2.0-73149104667,3127,1289
2-s2.0-68349159154,3128,1290
2-s2.0-66249104351,3129,1291
2-s2.0-52249123859,3130,1292
2-s2.0-34548061297,3131,1293
2-s2.0-37749034568,3132,1294
2-s2.0-68349154820,3134,1295
2-s2.0-70449441022,3143,1296
2-s2.0-62749158647,3146,1297
2-s2.0-34548080958,3153,1298
2-s2.0-62749169987,3154,1299
2-s2.0-46149109275,3155,1300
2-s2.0-77951175536,3160,1301
2-s2.0-75649120759,3163,1302
2-s2.0-45949109574,3164,1303
2-s2.0-67650763514,3165,1304
2-s2.0-34548055648,3170,1305
2-s2.0-34547488954,3175,1306
2-s2.0-77950217310,3178,1307
2-s2.0-38149030248,3181,1308
2-s2.0-52349101490,3184,1309
2-s2.0-77956142349,3188,1310
2-s2.0-45949107002,3190,1311
2-s2.0-34848925422,3192,1312
2-s2.0-58049203983,3193,1313
2-s2.0-77955254652,3194,1314
2-s2.0-65349145189,3200,1315
2-s2.0-67349190936,3206,1316
2-s2.0-70449556577,3210,1317
2-s2.0-77951083482,3213,1318
2-s2.0-34548078540,3214,1319
2-s2.0-58049203982,3215,1320
2-s2.0-33947314210,3216,1321
2-s2.0-62749090952,3217,1322
2-s2.0-77649100050,3218,1323
2-s2.0-70350309356,3221,1324
2-s2.0-70450204369,3231,1325
2-s2.0-77649293478,3238,1326
2-s2.0-85018599037,3240,1327
2-s2.0-84882509585,3243,1328
2-s2.0-85032783488,3244,1329
2-s2.0-84896306594,3248,1330
2-s2.0-41749103786,3249,1331
2-s2.0-57049142005,3251,1332
2-s2.0-44849126834,3252,1333
2-s2.0-47849124871,3257,1334
2-s2.0-67049110349,3261,1335
2-s2.0-52649150330,3262,1336
2-s2.0-43549086450,3263,1337
2-s2.0-58349102731,3265,1338
2-s2.0-58249120893,3270,1339
2-s2.0-39749096471,3271,1340
2-s2.0-70350772369,3272,1341
2-s2.0-58149305644,3273,1342
2-s2.0-40749100195,3274,1343
2-s2.0-77950216971,3276,1344
2-s2.0-43449109779,3278,1345
2-s2.0-77149127725,3280,1346
2-s2.0-84895371391,3283,1347
2-s2.0-66249083830,3288,1348
2-s2.0-52649083734,3293,1349
2-s2.0-77649283352,3297,1350
2-s2.0-70449589984,3299,1351
2-s2.0-70449589985,3300,1352
2-s2.0-58649113188,3303,1353
2-s2.0-84992442904,3306,1354
2-s2.0-77950278382,3310,1355
2-s2.0-66249117330,3311,1356
2-s2.0-84960894044,3315,1357
2-s2.0-33846545504,3318,1358
2-s2.0-0038603017,3348,1359
2-s2.0-84891431214,3350,1360
2-s2.0-84886823000,3360,1361
2-s2.0-24644448305,3391,1362
2-s2.0-34249878721,3397,1363
2-s2.0-33751582543,3402,1364
2-s2.0-33846507171,3406,1365
2-s2.0-34250830147,3426,1366
2-s2.0-33748440600,3429,1367
2-s2.0-84967432013,3430,1368
2-s2.0-34248585749,3456,1369
2-s2.0-34547362298,3469,1370
2-s2.0-35549010167,3479,1371
2-s2.0-15544363619,3484,1372
2-s2.0-33645084536,3512,1373
2-s2.0-33644513077,3527,1374
2-s2.0-35548993611,3539,1375
2-s2.0-35448998128,3542,1376
2-s2.0-29844452900,3549,1377
2-s2.0-79959884439,3558,1378
2-s2.0-27844481975,3568,1379
2-s2.0-42449088660,3574,1380
2-s2.0-84923471784,3575,1381
2-s2.0-0040080308,3578,1382
2-s2.0-54249129963,3582,1383
2-s2.0-84891391324,3599,1384
2-s2.0-84881541169,3606,1385
2-s2.0-84889833225,3624,1386
2-s2.0-1542402022,3661,1387
2-s2.0-35548997128,3663,1388
2-s2.0-15544376362,3666,1389
2-s2.0-35548955951,3674,1390
2-s2.0-33744921347,3684,1391
2-s2.0-7444226875,3688,1392
2-s2.0-33846503870,3700,1393
2-s2.0-23944516772,3710,1394
2-s2.0-37849189253,3713,1395
2-s2.0-77953350436,3718,1396
2-s2.0-34249089918,3719,1397
2-s2.0-7644230105,3720,1398
2-s2.0-34447513676,3725,1399
2-s2.0-0242425112,3728,1400
2-s2.0-0003011466,3799,1401
2-s2.0-0034398863,3809,1402
2-s2.0-0001202725,3810,1403
