solution,cluster,membership_id,proposed_label,status,rationale,review_caveat,reviewer_label,reviewer_notes
kmeans_k6,0,80af6f020c98910ddfbdb95d3afb5d2a86c192add847b451e739bd77eedbf20e,"Fund performance, risk and portfolio allocation",AI-assisted analyst proposal; user review pending,"'funds': 339/582 inside versus 710/3237 outside; 'returns': 256/582 inside versus 296/3237 outside; 'risk': 275/582 inside versus 414/3237 outside. The central abstracts compare fund types and returns, evaluate PE for pension plans, and examine risk and wealth creation in private markets. The sampled PME and pension-board papers reinforce the fund/investor and asset-allocation emphasis.","Mean cosine silhouette 0.047; 45/582 negative. Includes real estate and other alternative assets, not only PE funds. A care-home leverage paper and an information-search paper are boundary cases.",,
kmeans_k6,1,46b17b6587ef16b54b6126797dafeb10f1bd01b657fc0697cfb52cce8e161485,"Buyouts, corporate governance and firm performance",AI-assisted analyst proposal; user review pending,"'buyouts': 189/1086 inside versus 49/2733 outside; 'governance': 190/1086 inside versus 184/2733 outside; 'ownership': 187/1086 inside versus 259/2733 outside. Central abstracts discuss PE governance and the operational, financial and strategic consequences of ownership. Random examples concern acquisition targets and exit strategies. The terms support a broad corporate/deal-level interpretation.","Mean cosine silhouette 0.056; 17/1086 negative. The largest group spans transactions, governance, exits and firm outcomes; the name does not imply a narrow or uniform research question.",,
kmeans_k6,2,2a967efb2a02f657ca25eb48dad55a6f15c407199190ac08f071d4715c8e0a79,"Private equity in healthcare: ownership, costs and quality",AI-assisted analyst proposal; user review pending,"'care': 232/324 inside versus 54/3495 outside; 'health care': 96/324 inside versus 14/3495 outside; 'physician': 100/324 inside versus 0/3495 outside. Central abstracts concern healthcare acquisitions, sector expansion and primary-care utilization, spending and staffing. Random papers cover provider ownership and fertility care; the healthcare setting is consistent across this sample.","Mean cosine silhouette 0.140; 0/324 negative. The label identifies a setting and outcome domains, not a claim that PE has uniformly positive or negative effects.",,
kmeans_k6,3,89bd88919bd0b88fed3b4f8692b053401e53ce6e8be9509a1c1ae692854c6923,Corporate deals and industrial restructuring news,AI-assisted analyst proposal; user review pending,"'million': 178/521 inside versus 63/3298 outside; 'chemical': 79/521 inside versus 18/3298 outside; 'deal': 104/521 inside versus 183/3298 outside. Central abstracts describe coatings/chemical M&A and PE purchases of distributors. Random examples are specific company-sale announcements. Chemical Week accounts for 90 of 521 records; leading journals also include aviation, defence and paper-industry publications.","Mean cosine silhouette 0.030; 157/521 negative. This group partly reflects publication format and transaction-reporting language, not a single academic research topic. Notes, short surveys and reviews coexist with records classified as articles.",,
kmeans_k6,4,0e379b700e16f4f2ec71dcf634046c09b1110458586d1c2d7d125a713cd7e1ed,"Finance, financialization and economic development (mixed)",AI-assisted analyst proposal; user review pending,"'finance': 248/863 inside versus 221/2956 outside; 'financial': 400/863 inside versus 686/2956 outside; 'development': 212/863 inside versus 294/2956 outside. Central abstracts address alternative finance/governance, water financialization and the organization of financial markets. Boundary and random samples extend to circular-economy finance, childcare financialization, transnational governance and utility valuation.",Mean cosine silhouette -0.033; 706/863 negative. A heterogeneous residual group with a negative mean silhouette and a large majority of negative individual scores. The broad name summarizes its range; it is not evidence of one coherent topic. Scope review is especially important.,,
kmeans_k6,5,43af46021965971cb10327d5531e471c18201f908107407168a121b0dcdcc561,"Venture capital, entrepreneurship and innovation",AI-assisted analyst proposal; user review pending,"'venture capital': 351/443 inside versus 295/3376 outside; 'vc': 114/443 inside versus 41/3376 outside; 'financing': 136/443 inside versus 347/3376 outside. Central abstracts address VC relationships with portfolio firms, VC internationalization and innovation in entrepreneurial firms. Random examples cover VC/PE-backed IPOs and Islamic venture capital.","Mean cosine silhouette 0.089; 0/443 negative. Includes related IPO, financing and ownership issues. One boundary title concerns public/private corporations rather than VC directly, so the scope remains provisional.",,
embedding_leiden_k6,1,0f8facc42076a6d73dfbf8d719f81a806fdb04ede3da43e078ac2722fcc186e4,"Fund performance, risk and portfolio allocation",AI-assisted analyst proposal; user review pending,"'funds': 414/757 inside versus 635/3062 outside; 'returns': 274/757 inside versus 278/3062 outside; 'risk': 320/757 inside versus 369/3062 outside. Central abstracts again examine fund types, pension-plan PE performance and private-market risk/returns. Random examples concern performance evaluation and real estate in mixed-asset portfolios.",Mean cosine silhouette 0.043; 90/757 negative. Broader than K-means cluster 0. Boundary papers link institutional investment and real estate markets; matching names do not imply identical memberships.,,
embedding_leiden_k6,2,6094b7c86c4bfb55da834c2bb5a6b2dc014429afb6296ae4250f748981b36a1f,Corporate deals and industrial restructuring news,AI-assisted analyst proposal; user review pending,"'million': 168/542 inside versus 73/3277 outside; 'chemical': 88/542 inside versus 9/3277 outside; 'deal': 106/542 inside versus 181/3277 outside. Central abstracts report chemical-sector financing, paper-industry restructuring and deal activity. Random examples describe an industrial acquisition and investment prospects for UK engineering. Chemical Week supplies 95 of 542 records.","Mean cosine silhouette 0.032; 141/542 negative. Publication style and sector-news vocabulary contribute to this group. Two of its central examples have negative silhouettes, showing overlap with the broader finance/corporate groups.",,
embedding_leiden_k6,3,9b6b22864066e0eb253a86332f4ede45fe8d927e1e9a8b2cd5fb0b17e6e8b5d3,"Venture capital, financing and economic development (mixed)",AI-assisted analyst proposal; user review pending,"'venture capital': 463/1182 inside versus 183/2637 outside; 'financing': 302/1182 inside versus 181/2637 outside; 'development': 323/1182 inside versus 183/2637 outside. The central sample combines PE/VC investment in India, entrepreneurship financing in emerging markets and governance spillovers. Random and boundary examples extend to CSR, innovation, shadow banking and the political role of finance.",Mean cosine silhouette 0.006; 545/1182 negative. A broad mixed group with a near-zero mean silhouette and many negative scores. It absorbs much of both the K-means venture-capital group and its mixed finance group; it should not be labelled pure venture capital.,,
embedding_leiden_k6,4,449eb7f42990e16421f0faf146378d807c2d52e572b21757496d3a3ce6c0e9b9,"Buyouts, corporate governance and firm performance",AI-assisted analyst proposal; user review pending,"'buyouts': 178/913 inside versus 60/2906 outside; 'ownership': 190/913 inside versus 256/2906 outside; 'governance': 168/913 inside versus 206/2906 outside. Central abstracts study PE governance, ownership effects and variation in buyout performance. The sampled fundraising/specialization paper links investor capabilities to company-level value creation.",Mean cosine silhouette 0.047; 58/913 negative. Boundary examples include an Australian-football study and a newspaper distribution note. These illustrate scope/genre ambiguity; no records have been excluded or reassigned.,,
embedding_leiden_k6,5,8289221f5a43d8be3dd2af2aeb1b8c6d2320db2ff650d7b991a4d3b9ef8037bd,"Private equity in healthcare: ownership, costs and quality",AI-assisted analyst proposal; user review pending,'care': 253/368 inside versus 33/3451 outside; 'health care': 103/368 inside versus 7/3451 outside; 'physician': 100/368 inside versus 0/3451 outside. Central abstracts cover PE involvement in US healthcare and primary-care acquisitions. Random examples discuss German outpatient care and orthopaedic practices; boundary papers address elderly housing and long-term care.,"Mean cosine silhouette 0.122; 11/368 negative. Broader than the K-means healthcare group, including related care, financing and social-policy settings. The label makes no uniform causal claim.",,
embedding_leiden_k6,6,5bb72922f79f9da229e6a415c58ad302963852b42d8b674f1defc381f992a042,Housing financialization and rental markets,AI-assisted analyst proposal; user review pending,"'housing': 44/57 inside versus 28/3762 outside; 'rental': 19/57 inside versus 2/3762 outside; 'financialization': 17/57 inside versus 37/3762 outside. Central abstracts concern rental-housing financialization in New York/Berlin, tenants as subjects of financialization, and later cycles of institutional housing investment. Random examples discuss affordable-housing research design and manufactured-home evictions.","Mean cosine silhouette 0.153; 0/57 negative. A small distinct group, but not every member is a housing study. Boundary examples include carceral services and a historical-music patronage account mentioning a PE investor. Positive silhouette alone does not establish relevance.",,
