pdf_filename,author_1,author_2,author_3,author_4,author_5,author_6,author_7,title,year,source_journal,doi,metadata_source
Abraham et al. - 2024 - ESG Disclosures in the Private Equity Industry.pdf,"Abraham, Jefferson","Olbert, Marcel","Vasvari, Florin",NA,NA,NA,NA,ESG Disclosures in the Private Equity Industry,2024,Journal of Accounting Research,10.1111/1475-679x.12570,All_private_equity_bib.csv; Versuch1.csv
Accounting   Finance - 2011 - De Maeseneire - What drives leverage in leveraged buyouts  An analysis of European leveraged.pdf,"De Maeseneire, Wouter","Brinkhuis, Samantha",NA,NA,NA,NA,NA,What drives leverage in leveraged buyouts? An analysis of European leveraged buyouts' capital structure,2012,Accounting and Finance,10.1111/j.1467-629x.2011.00431.x,All_private_equity_bib.csv
Acharya et al. - 2013 - Corporate Governance and Value Creation Evidence from Private Equity.pdf,"Acharya, Viral V.","Gottschalg, Oliver F.","Hahn, Moritz","Kehoe, Conor",NA,NA,NA,Corporate governance and value creation: Evidence from private equity,2013,Review of Financial Studies,10.1093/rfs/hhs117,All_private_equity_bib.csv; Versuch1.csv
"Acharya und Johnson - 2010 - More insiders, more insider trading - Evidence from private-equity buyouts.pdf","Acharya, Viral V.","Johnson, Timothy C.",NA,NA,NA,NA,NA,"More insiders, more insider trading: Evidence from private-equity buyouts",2010,Journal of Financial Economics,10.1016/j.jfineco.2010.08.002,All_private_equity_bib.csv; Versuch1.csv
Achleitner et al. - 2012 - Structure and Determinants of Financial Covenants in Leveraged Buyouts.pdf,"Achleitner, Ann-Kristin","Braun, Reiner","Hinterramskogler, Bastian","Tappeiner, Florian",NA,NA,NA,Structure and determinants of financial covenants in leveraged buyouts,2012,Review of Finance,10.1093/rof/rfq031,All_private_equity_bib.csv
"Achleitner et al. - 2013 - Private Equity Acquisitions of Continental European Firms, the Impact of Ownership and Control on the Likelihood of Being Taken Private.pdf","Achleitner, Ann-Kristin","Betzer, André","Goergen, Marc","Hinterramskogler, Bastian",NA,NA,NA,Private Equity Acquisitions of Continental European Firms: The Impact of Ownership and Control on the Likelihood of Being Taken Private,2013,European Financial Management,10.1002/eufm.569,All_private_equity_bib.csv
Aggarwal et al. - 2022 - The rise of dual-class stock IPOs.pdf,"Aggarwal, D","Eldar, O","Hochberg, Y","Litov, LP",NA,NA,NA,The rise of dual-class stock IPOs *,2022,JOURNAL OF FINANCIAL ECONOMICS,10.1016/j.jfineco.2021.12.012,Versuch1.csv
Agrawal und Tambe - 2016 - Private Equity and Workers' Career Paths The Role of Technological Change.pdf,"Agrawal, A","Tambe, P",NA,NA,NA,NA,NA,Private Equity and Workers' Career Paths: The Role of Technological Change,2016,REVIEW OF FINANCIAL STUDIES,10.1093/rfs/hhw025,Versuch1.csv
Albuquerque et al. - 2018 - Liquidity Provision in the Secondary Market for Private Equity Fund Stakes.pdf,Rui A. Albuquerque,Johan Cassel,Ludovic Phalippou,Enrique Schroth,NA,NA,NA,Liquidity Provision in the Secondary Market for Private Equity Fund Stakes,2018,NA,10.2139/ssrn.3182481,reviewed OpenAlex cache
Aldatmaz und Brown - 2020 - Private equity in the global economy Evidence on industry spillovers.pdf,"Aldatmaz, Serdar","Brown, Gregory W.",NA,NA,NA,NA,NA,Private equity in the global economy: Evidence on industry spillovers,2020,Journal of Corporate Finance,10.1016/j.jcorpfin.2019.101524,All_private_equity_bib.csv
"Amess und Wright - 2012 - Leveraged buyouts, private equity and jobs.pdf","Amess, Kevin","Wright, Mike",NA,NA,NA,NA,NA,"Leveraged buyouts, private equity and jobs",2012,Small Business Economics,10.1007/s11187-010-9280-9,All_private_equity_bib.csv
Andonov et al. - 2018 - Political Representation and Governance Evidence from the Investment Decisions of Public Pension Funds.pdf,"Andonov, Aleksandar","Hochberg, Yael V.","Rauh, Joshua D.",NA,NA,NA,NA,Political Representation and Governance: Evidence from the Investment Decisions of Public Pension Funds,2018,Journal of Finance,10.1111/jofi.12706,All_private_equity_bib.csv; Versuch1.csv
Andonov et al. - 2021 - Institutional Investors and Infrastructure Investing.pdf,"Andonov, A","Kräuss, R","Rauh, J",NA,NA,NA,NA,Institutional Investors and Infrastructure Investing,2021,REVIEW OF FINANCIAL STUDIES,10.1093/rfs/hhab048,Versuch1.csv
Ang et al. - 2018 - Estimating Private Equity Returns from Limited Partner Cash Flows.pdf,"Ang, Andrew","Chen, Bingxu","Goetzmann, William N.","Phalippou, Ludovic",NA,NA,NA,Estimating Private Equity Returns from Limited Partner Cash Flows,2018,Journal of Finance,10.1111/jofi.12688,All_private_equity_bib.csv; Versuch1.csv
Antoni et al. - 2019 - Private equity and human capital risk.pdf,"Antoni, M","Maug, E","Obernberger, S",NA,NA,NA,NA,Private equity and human capital risk,2019,JOURNAL OF FINANCIAL ECONOMICS,10.1016/j.jfineco.2019.04.010,Versuch1.csv
"Appelbaum und Batt - 2020 - Private Equity Buyouts in Healthcare Who Wins, Who Loses.pdf",Eileen Appelbaum,Rosemary Batt,NA,NA,NA,NA,NA,"Private Equity Buyouts in Healthcare Who Wins, Who Loses",2020,NA,10.36687/inetwp118,reviewed OpenAlex cache
Arcot et al. - 2015 - Fund managers under pressure - Rationale and determinants of secondary buyouts.pdf,"Arcot, Sridhar","Fluck, Zsuzsanna","Gaspar, José-Miguel","Hege, Ulrich",NA,NA,NA,Fund managers under pressure: Rationale and determinants of secondary buyouts,2015,Journal of Financial Economics,10.1016/j.jfineco.2014.08.002,All_private_equity_bib.csv; Versuch1.csv
Aslan und Kumar - 2011 - Lemons or Cherries Growth Opportunities and Market Temptations in Going Public and Private.pdf,"Aslan, Hadiye","Kumar, Praveen",NA,NA,NA,NA,NA,Lemons or cherries? Growth opportunities and market temptations in going public and private,2010,Journal of Financial and Quantitative Analysis,10.1017/s0022109010000761,All_private_equity_bib.csv
"Asquith und Wizman - 1990 - Event risk, covenants, and bondholder returns in leveraged buyouts.pdf","Asquith, Paul","Wizman, Thierry A.",NA,NA,NA,NA,NA,"Event risk, covenants, and bondholder returns in leveraged buyouts",1990,Journal of Financial Economics,10.1016/0304-405x(90)90026-v,Versuch1.csv
Axelson et al. - 2009 - Why Are Buyouts Levered The Financial Structure of Private Equity Funds.pdf,"Axelson, Ulf","StrÖmberg, Per","Weisbach, Michael S.",NA,NA,NA,NA,Why are buyouts levered? the financial structure of private equity funds,2009,Journal of Finance,10.1111/j.1540-6261.2009.01473.x,All_private_equity_bib.csv; Versuch1.csv
"Axelson et al. - 2013 - Borrow Cheap, Buy High The Determinants of Leverage and Pricing in Buyouts.pdf","Axelson, Ulf","Jenkinson, Tim","Strömberg, Per","Weisbach, Michael S.",NA,NA,NA,"Borrow Cheap, Buy High? The Determinants of Leverage and Pricing in Buyouts",2013,Journal of Finance,10.1111/jofi.12082,All_private_equity_bib.csv; Versuch1.csv
Ayash und Schütt - 2016 - Does going private add value through operating improvements.pdf,"Ayash, Brian","Schütt, Harm",NA,NA,NA,NA,NA,Does going private add value through operating improvements?,2016,Journal of Corporate Finance,10.1016/j.jcorpfin.2016.07.015,All_private_equity_bib.csv
"Bacon et al. - 2013 - Private Equity, HRM, and Employment.pdf","Bacon, Nick","Wright, Mike","Ball, Rod","Meuleman, Miguel",NA,NA,NA,"Private equity, hrm, and employment",2013,Academy of Management Perspectives,10.5465/amp.2012.0130,All_private_equity_bib.csv
Badertscher et al. - 2013 - The separation of ownership and control and corporate tax avoidance.pdf,"Badertscher, Brad A.","Katz, Sharon P.","Rego, Sonja O.",NA,NA,NA,NA,The separation of ownership and control and corporate tax avoidance,2013,Journal of Accounting and Economics,10.1016/j.jacceco.2013.08.005,All_private_equity_bib.csv; Versuch1.csv
Badertscher et al. - 2019 - Private Ownership and the Cost of Public Debt Evidence from the Bond Market.pdf,"Badertscher, Brad A.","Givoly, Dan","Katz, Sharon P.","Lee, Hanna",NA,NA,NA,Private ownership and the cost of public debt: Evidence from the bond market,2019,Management Science,10.1287/mnsc.2017.2935,All_private_equity_bib.csv; Versuch1.csv
Baik - 2026 - Earnings management in private equity portfolio firms during fundraising.pdf,"Baik, Brian K.",NA,NA,NA,NA,NA,NA,Earnings management in private equity portfolio firms during fundraising,2026,Journal of Accounting and Economics,10.1016/j.jacceco.2026.101926,Versuch1.csv
Baik et al. - 2025 - Do Public Financial Statements Influence Private Equity and Venture Capital Financing.pdf,"Baik, Brian K.","Berfeld, Natalie","Verdi, Rodrigo S.",NA,NA,NA,NA,Do Public Financial Statements Influence Private Equity and Venture Capital Financing?,2025,Accounting Review,10.2308/tar-2022-0437,All_private_equity_bib.csv; Versuch1.csv
Baker und Wruck - 1989 - Organizational changes and value creation in leveraged buyouts The case of the O.M. Scott & Sons Co.pdf,"Baker, George P.","Wruck, Karen H.",NA,NA,NA,NA,NA,Organizational changes and value creation in leveraged buyouts: The case of the O.M. Scott & Sons Company,1989,Journal of Financial Economics,10.1016/0304-405x(89)90080-9,Versuch1.csv
Barber et al. - 2021 - Impact investing.pdf,"Barber, Brad M.","Morse, Adair","Yasuda, Ayako",NA,NA,NA,NA,Impact investing,2021,Journal of Financial Economics,10.1016/j.jfineco.2020.07.008,All_private_equity_bib.csv; Versuch1.csv
Barber und Yasuda - 2017 - Interim fund performance and fundraising in private equity.pdf,"Barber, Brad M.","Yasuda, Ayako",NA,NA,NA,NA,NA,Interim fund performance and fundraising in private equity,2017,Journal of Financial Economics,10.1016/j.jfineco.2017.01.001,Versuch1.csv
Bargeron et al. - 2008 - Why do private acquirers pay so little compared to public acquirers.pdf,"Bargeron, Leonce L.","Schlingemann, Frederik P.","Stulz, René M.","Zutter, Chad J.",NA,NA,NA,Why do private acquirers pay so little compared to public acquirers?,2008,Journal of Financial Economics,10.1016/j.jfineco.2007.11.005,All_private_equity_bib.csv; Versuch1.csv
Begenau et al. - 2020 - An Empirical Guide to Investor-Level Private Equity Data from Preqin.pdf,Juliane Begenau,Claudia Robles-Garcia,EMIL N. SIRIWARDANE,Lulu Wang,NA,NA,NA,An Empirical Guide to Investor-Level Private Equity Data from Preqin,2020,NA,10.2139/ssrn.3764895,reviewed OpenAlex cache
Begenau und Siriwardane - 2024 - Fee Variation in Private Equity.pdf,"Begenau, Juliane","Siriwardane, Emil N.",NA,NA,NA,NA,NA,Fee Variation in Private Equity,2024,Journal of Finance,10.1111/jofi.13319,All_private_equity_bib.csv; Versuch1.csv
Bellon - 2025 - Does Private Equity Ownership Make Firms Cleaner The Role of Environmental Liability Risks.pdf,"Bellon, Aymeric",NA,NA,NA,NA,NA,NA,Does Private Equity Ownership Make Firms Cleaner? the Role of Environmental Liability Risks,2025,Review of Financial Studies,10.1093/rfs/hhaf035,All_private_equity_bib.csv; Versuch1.csv
Berger und Udell - 1998 - The economics of small business finance The roles of private equity and debt markets in the financial growth cycle.pdf,"N. Berger, Allen","F. Udell, Gregory",NA,NA,NA,NA,NA,The economics of small business finance: The roles of private equity and debt markets in the financial growth cycle,1998,Journal of Banking and Finance,10.1016/s0378-4266(98)00038-7,All_private_equity_bib.csv
Bernard et al. - 2018 - Size Management by European Private Firms to Minimize Proprietary Costs of Disclosure.pdf,Darren Bernard,David Burgstahler,Devrimi Kaya,NA,NA,NA,NA,Size Management by European Private Firms to Minimize Proprietary Costs of Disclosure,2018,NA,10.2139/ssrn.2484161,reviewed OpenAlex cache
Bernstein - 2022 - The Effects of Public and Private Equity Markets on Firm Behavior.pdf,"Bernstein, Shai",NA,NA,NA,NA,NA,NA,The Effects of Public and Private Equity Markets on Firm Behavior,2022,Annual Review of Financial Economics,10.1146/annurev-financial-052021-072939,All_private_equity_bib.csv
Bernstein et al. - 2017 - Private Equity and Industry Performance..pdf,"Bernstein, Shai","Lerner, Josh","Sorensen, Morten","Strömberg, Per",NA,NA,NA,Private equity and industry performance,2017,Management Science,10.1287/mnsc.2015.2404,All_private_equity_bib.csv; Versuch1.csv
Bernstein et al. - 2019 - Private Equity and Financial Fragility during the Crisis.pdf,"Bernstein, Shai","Lerner, Josh","Mezzanotti, Filippo",NA,NA,NA,NA,Private equity and financial fragility during the crisis,2019,Review of Financial Studies,10.1093/rfs/hhy078,All_private_equity_bib.csv; Versuch1.csv
Bernstein und Sheen - 2016 - The Operational Consequences of Private Equity Buyouts Evidence from the Restaurant Industry.pdf,"Bernstein, Shai","Sheen, Albert",NA,NA,NA,NA,NA,The Operational Consequences of Private Equity Buyouts: Evidence from the Restaurant Industry,2016,Review of Financial Studies,10.1093/rfs/hhw037,All_private_equity_bib.csv; Versuch1.csv
Beuselinck et al. - 2008 - Private Equity Investments and Disclosure Policy.pdf,"Beuselinck, Christof","Deloof, Marc","Manigart, Sophie",NA,NA,NA,NA,Private equity investments and disclosure policy,2008,European Accounting Review,10.1080/09638180802327057,All_private_equity_bib.csv
Beuselinck und Manigart - 2007 - Financial Reporting Quality in Private Equity Backed Companies The Impact of Ownership Concentration.pdf,"Beuselinck, Christof","Manigart, Sophie",NA,NA,NA,NA,NA,Financial reporting quality in private equity backed companies: The impact of ownership concentration,2007,Small Business Economics,10.1007/s11187-006-9022-1,All_private_equity_bib.csv
Bharath und Dittmar - 2010 - Why Do Firms Use Private Equity to Opt Out of Public Markets.pdf,"Bharath, Sreedhar T.","Dittmar, Amy K.",NA,NA,NA,NA,NA,Why do firms use private equity to opt out of public markets?,2010,Review of Financial Studies,10.1093/rfs/hhq016,All_private_equity_bib.csv; Versuch1.csv
Biesinger et al. - 2023 - Value Creation in Private Equity.pdf,Markus Biesinger,Çağatay Bircan,Alexander P. Ljungqvist,NA,NA,NA,NA,Value Creation in Private Equity,2023,NA,10.2139/ssrn.3607996,reviewed OpenAlex cache
Binfarè und Zimmerschied - 2026 - Investing with Purpose Evidence from Private Foundations.pdf,"Binfarè, Matteo","Zimmerschied, Kyle E.",NA,NA,NA,NA,NA,Investing with Purpose: Evidence from Private Foundations,2026,Journal of Finance,10.1111/jofi.70055,All_private_equity_bib.csv; Versuch1.csv
"Block et al. - 2019 - Private equity investment criteria An experimental conjoint analysis of venture capital, business angels, and family offices.pdf","Block, Joern","Fisch, Christian","Vismara, Silvio","Andres, René",NA,NA,NA,"Private equity investment criteria: An experimental conjoint analysis of venture capital, business angels, and family offices",2019,Journal of Corporate Finance,10.1016/j.jcorpfin.2019.05.009,All_private_equity_bib.csv
"Bloom et al. - 2015 - Organization, Management, and Economic Growth Do Private Equity Owned Firms Have Better Management Practices.pdf","Bloom, Nicholas","Sadun, Raffaella","Van Reenen, John",NA,NA,NA,NA,Do private equity owned firms have better management practices?,2015,American Economic Review,10.1257/aer.p20151000,All_private_equity_bib.csv; Versuch1.csv
Bongaerts und Charlier - 2009 - Private equity and regulatory capital.pdf,"Bongaerts, Dion","Charlier, Erwin",NA,NA,NA,NA,NA,Private equity and regulatory capital,2009,Journal of Banking and Finance,10.1016/j.jbankfin.2008.12.015,All_private_equity_bib.csv
Boone und Mulherin - 2011 - Do private equity consortiums facilitate collusion in takeover bidding.pdf,"Boone, Audra L.","Mulherin, J. Harold",NA,NA,NA,NA,NA,Do private equity consortiums facilitate collusion in takeover bidding?,2011,Journal of Corporate Finance,10.1016/j.jcorpfin.2011.08.007,All_private_equity_bib.csv
"Borsa et al. - 2023 - Evaluating trends in private equity ownership and impacts on health outcomes, costs, and quality systematic review.pdf","Borsa, Alexander","Bejarano, Geronimo","Ellen, Moriah","Bruch, Joseph Dov",NA,NA,NA,"Evaluating trends in private equity ownership and impacts on health outcomes, costs, and quality: systematic review",2023,BMJ,10.1136/bmj-2023-075244,All_private_equity_bib.csv
Bos und Harrington - 2017 - What Happens to a Nursing Home Chain When Private Equity Takes Over A Longitudinal Case Study.pdf,"Bos, Aline","Harrington, Charlene",NA,NA,NA,NA,NA,What happens to a nursing home chain when private equity takes over? A longitudinal case study,2017,Inquiry (United States),10.1177/0046958017742761,All_private_equity_bib.csv
Bottazzi et al. - 2008 - Who are the active investors Evidence from venture capital.pdf,"Bottazzi, L","Da Rin, M","Hellmann, T",NA,NA,NA,NA,Who are the active investors? Evidence from venture capital,2008,JOURNAL OF FINANCIAL ECONOMICS,10.1016/j.jfineco.2007.09.003,Versuch1.csv
Boucly et al. - 2011 - Growth LBOs.pdf,"Boucly, Quentin","Sraer, David","Thesmar, David",NA,NA,NA,NA,Growth LBOs,2011,Journal of Financial Economics,10.1016/j.jfineco.2011.05.014,All_private_equity_bib.csv; Versuch1.csv
Boulland et al. - 2026 - Company Websites A New Measure of Disclosure.pdf,"Boulland, Romain","Bourveau, Thomas","Breuer, Matthias",NA,NA,NA,NA,Company Websites: A New Measure of Disclosure,2026,Journal of Accounting Research,10.1111/1475-679x.70007,All_private_equity_bib.csv; Versuch1.csv
Boyer et al. - 2023 - Discount-Rate Risk in Private Equity Evidence from Secondary Market Transactions.pdf,"Boyer, Brian H.","Nadauld, Taylor D.","Vorkink, Keith P.","Weisbach, Michael S.",NA,NA,NA,Discount-Rate Risk in Private Equity: Evidence from Secondary Market Transactions,2023,Journal of Finance,10.1111/jofi.13202,All_private_equity_bib.csv; Versuch1.csv
Braun et al. - 2011 - The risk appetite of private equity sponsors.pdf,"Braun, Reiner","Engel, Nico","Hieber, Peter","Zagst, Rudi",NA,NA,NA,The risk appetite of private equity sponsors,2011,Journal of Empirical Finance,10.1016/j.jempfin.2011.07.002,All_private_equity_bib.csv
Braun et al. - 2017 - How persistent is private equity performance Evidence from deal-level data.pdf,"Braun, Reiner","Jenkinson, Tim","Stoff, Ingo",NA,NA,NA,NA,How persistent is private equity performance? Evidence from deal-level data,2017,Journal of Financial Economics,10.1016/j.jfineco.2016.01.033,Versuch1.csv
Braun et al. - 2017 - The Levered Returns of Leveraged Buyouts The Impact of Competition.pdf,Reiner Braun,Nicholas Crain,Anna Gerl,NA,NA,NA,NA,The Levered Returns of Leveraged Buyouts The Impact of Competition,2017,NA,10.2139/ssrn.2667870,reviewed OpenAlex cache
Braun et al. - 2020 - Adverse selection and the performance of private equity co-investments.pdf,"Braun, Reiner","Jenkinson, Tim","Schemmerl, Christoph",NA,NA,NA,NA,Adverse selection and the performance of private equity co-investments,2020,Journal of Financial Economics,10.1016/j.jfineco.2019.01.009,Versuch1.csv
Braun et al. - 2020 - Comparative Performance of Private Equity-Owned US Nursing Homes During the COVID-19 Pandemic.pdf,"Braun, Robert Tyler","Yun, Hyunkyung","Casalino, Lawrence P.","Myslinski, Zachary","Kuwonza, Farai M.","Jung, Hye-Young","Unruh, Mark Aaron",Comparative Performance of Private Equity-Owned US Nursing Homes during the COVID-19 Pandemic,2020,JAMA Network Open,10.1001/jamanetworkopen.2020.26702,All_private_equity_bib.csv
Braun et al. - 2021 - Association of Private Equity Investment in US Nursing Homes With the Quality and Cost of Care for Long-Stay Residents.pdf,"Braun, Robert Tyler","Jung, Hye-Young","Casalino, Lawrence P.","Myslinski, Zachary","Unruh, Mark Aaron",NA,NA,Association of Private Equity Investment in US Nursing Homes with the Quality and Cost of Care for Long-Stay Residents,2021,JAMA Health Forum,10.1001/jamahealthforum.2021.3817,All_private_equity_bib.csv
"Braun et al. - 2026 - Size, Returns, and Value Do Private Equity Firms Allocate Capital According to Manager Skill.pdf","Braun, Reiner","Dorau, Nils","Jenkinson, Tim","Urban, Daniel",NA,NA,NA,"Size, Returns, and Value: Do Private Equity Firms Allocate Capital According to Manager Skill?",2026,Journal of Finance,10.1111/jofi.70036,All_private_equity_bib.csv; Versuch1.csv
British J of Management - 2019 - Jelic - Sustaining the Buyout Governance Model  Inside Secondary Management Buyout Boards.pdf,"Jelic, Ranko","Zhou, Dan","Wright, Mike",NA,NA,NA,NA,Sustaining the Buyout Governance Model: Inside Secondary Management Buyout Boards,2019,British Journal of Management,10.1111/1467-8551.12301,All_private_equity_bib.csv
Brown et al. - 2015 - What Do Different Commercial Data Sets Tell Us About Private Equity Performance.pdf,Gregory W. Brown,Robert S. Harris,Tim Jenkinson,Steven Neil Kaplan,David T. Robinson,NA,NA,What Do Different Commercial Data Sets Tell Us About Private Equity Performance,2015,NA,10.2139/ssrn.2701317,reviewed OpenAlex cache
Brown et al. - 2019 - Do private equity funds manipulate reported returns.pdf,"Brown, GW","Gredil, OR","Kaplan, SN",NA,NA,NA,NA,Do private equity funds manipulate reported returns?,2019,JOURNAL OF FINANCIAL ECONOMICS,10.1016/j.jfineco.2018.10.011,Versuch1.csv
Brown et al. - 2020 - Private Equity Investment in Behavioral Health Treatment Centers.pdf,"Brown, Benjamin","O'Donnell, Eloise","Casalino, Lawrence P.",NA,NA,NA,NA,Private Equity Investment in Behavioral Health Treatment Centers,2020,JAMA Psychiatry,10.1001/jamapsychiatry.2019.3880,All_private_equity_bib.csv
Brown et al. - 2020 - Private equity portfolio companies A first look at Burgiss holdings data.pdf,Gregory W. Brown,Robert S. Harris,Wendy Hu,Tim Jenkinson,Steven Neil Kaplan,David T. Robinson,NA,Private equity portfolio companies A first look at Burgiss holdings data,2020,NA,10.2139/ssrn.3532444,reviewed OpenAlex cache
Brown et al. - 2021 - Can investors time their exposure to private equity.pdf,"Brown, G","Harris, R","Hu, W","Jenkinson, T","Kaplan, SN","Robinson, DT",NA,Can investors time their exposure to private equity?,2021,JOURNAL OF FINANCIAL ECONOMICS,10.1016/j.jfineco.2020.08.014,Versuch1.csv
"Bruch et al. - 2020 - Changes in Hospital Income, Use, and Quality Associated With Private Equity Acquisition.pdf","Bruch, Joseph D.","Gondi, Suhas","Song, Zirui",NA,NA,NA,NA,"Changes in Hospital Income, Use, and Quality Associated with Private Equity Acquisition",2020,JAMA Internal Medicine,10.1001/jamainternmed.2020.3552,All_private_equity_bib.csv
Bruch et al. - 2020 - Expansion of Private Equity Involvement in Women's Health Care.pdf,"Bruch, Joseph D.","Borsa, Alexander","Song, Zirui","Richardson, Sarah S.",NA,NA,NA,Expansion of Private Equity Involvement in Women's Health Care,2020,JAMA Internal Medicine,10.1001/jamainternmed.2020.3567,All_private_equity_bib.csv
"Bruch et al. - 2022 - Private Equity Acquisitions Of Ambulatory Surgical Centers Were Not Associated With Quality, Cost, Or Volume Changes.pdf","Bruch, Joseph Dov","Nair-Desai, Sameer","Orav, E. John","Tsai, Thomas C.",NA,NA,NA,"Private Equity Acquisitions Of Ambulatory Surgical Centers Were Not Associated With Quality, Cost, Or Volume Changes",2022,Health Affairs,10.1377/hlthaff.2021.01904,All_private_equity_bib.csv
Buchner et al. - 2024 - Private Debt and the Role of Venture Capital and Private Equity Sponsors..pdf,"Buchner, Axel","Espenlaub, Susanne","Khurshed, Arif","Mohamed, Abdulkadir",NA,NA,NA,Private Debt and the Role of Venture Capital and Private Equity Sponsors,2024,Management Science,10.1287/mnsc.2022.4664,All_private_equity_bib.csv; Versuch1.csv
Burkart et al. - 2026 - The Structure of Leveraged Buyouts and the Free-Rider Problem.pdf,Mike C. Burkart,Samuel Lee,Henrik Petri,NA,NA,NA,NA,The Structure of Leveraged Buyouts and the Free-Rider Problem,2026,NA,NA,reviewed OpenAlex cache
Burkart und Lee - 2022 - Activism and Takeovers (Online Appendix).pdf,NA,NA,NA,NA,NA,NA,NA,Activism and Takeovers (Online Appendix),2022,NA,NA,PDF filename
Burkart und Lee - 2022 - Activism and Takeovers.pdf,"Burkart, M","Lee, S",NA,NA,NA,NA,NA,Activism and Takeovers,2022,REVIEW OF FINANCIAL STUDIES,10.1093/rfs/hhab039,Versuch1.csv
Business Fin   Account - 2009 - Beuselinck - Private Equity Involvement and Earnings Quality.pdf,Christof Beuselinck,Marc Deloof,Sophie Manigart,NA,NA,NA,NA,Beuselinck - Private Equity Involvement and Earnings Quality,2009,NA,10.1111/j.1468-5957.2009.02147.x,reviewed OpenAlex cache
Cain et al. - 2020 - Intermediation in Private Equity The Role of Placement Agents.pdf,"Cain, Matthew D.","McKeon, Stephen B.","Solomon, Steven Davidoff",NA,NA,NA,NA,Intermediation in Private Equity: The Role of Placement Agents,2020,Journal of Financial and Quantitative Analysis,10.1017/s0022109019000371,All_private_equity_bib.csv
Cao und Lerner - 2009 - The performance of reverse leveraged buyouts.pdf,"Cao, Jerry","Lerner, Josh",NA,NA,NA,NA,NA,The performance of reverse leveraged buyouts,2009,Journal of Financial Economics,10.1016/j.jfineco.2008.03.002,All_private_equity_bib.csv; Versuch1.csv
Caselli et al. - 2013 - Contracts and returns in private equity investments.pdf,"Caselli, Stefano","Garcia-Appendini, Emilia","Ippolito, Filippo",NA,NA,NA,NA,Contracts and returns in private equity investments,2013,Journal of Financial Intermediation,10.1016/j.jfi.2012.08.002,All_private_equity_bib.csv
Cavagnaro et al. - 2019 - Measuring Institutional Investors' Skill at Making Private Equity Investments.pdf,"Cavagnaro, Daniel R.","Sensoy, Berk A.","Wang, Yingdi","Weisbach, Michael S.",NA,NA,NA,Measuring Institutional Investors’ Skill at Making Private Equity Investments,2019,Journal of Finance,10.1111/jofi.12783,All_private_equity_bib.csv; Versuch1.csv
Celentano und Rempel - 2026 - Public Listing Choice with Persistent Hidden Information.pdf,"Celentano, Francesco","Rempel, Mark",NA,NA,NA,NA,NA,Public Listing Choice with Persistent Hidden Information,2026,Review of Economic Studies,10.1093/restud/rdaf039,All_private_equity_bib.csv; Versuch1.csv
Cerullo et al. - 2022 - Association Between Hospital Private Equity Acquisition and Outcomes of Acute Medical Conditions Among Medicare Beneficiaries.pdf,"Cerullo, Marcelo","Yang, Kelly","Joynt Maddox, Karen E.","McDevitt, Ryan C.","Roberts, James W.","Offodile, Anaeze C.",NA,Association between Hospital Private Equity Acquisition and Outcomes of Acute Medical Conditions among Medicare Beneficiaries,2022,JAMA Network Open,10.1001/jamanetworkopen.2022.9581,All_private_equity_bib.csv
Cerullo et al. - 2022 - Financial Impacts And Operational Implications Of Private Equity Acquisition Of US Hospitals.pdf,"Cerullo, Marcelo","Lin, Yu-Li","Rauh-Hain, Jose Alejandro","Ho, Vivian","Offodile, Anaeze C.",NA,NA,Financial Impacts And Operational Implications Of Private Equity Acquisition Of US Hospitals,2022,Health Affairs,10.1377/hlthaff.2021.01284,All_private_equity_bib.csv
"Chaplinsky et al. - 1998 - Employee Buyouts Causes, Structure, and Consequences.pdf","Chaplinsky, S","Niehaus, G","Van de Gucht, L",NA,NA,NA,NA,"Employee buyouts: causes, structure, and consequences",1998,JOURNAL OF FINANCIAL ECONOMICS,10.1016/s0304-405x(98)00013-0,Versuch1.csv
Chemmanur und Fulghieri - 1999 - A Theory of the Going-Public Decision.pdf,"Chemmanur, Thomas J.","Fulghieri, Paolo",NA,NA,NA,NA,NA,A theory of the going-public decision,1999,Review of Financial Studies,10.1093/rfs/12.2.249,All_private_equity_bib.csv; Versuch1.csv
Chen und Ewens - 2025 - Venture Capital and Startup Agglomeration.pdf,"Chen, J","Ewens, M",NA,NA,NA,NA,NA,Venture Capital and Startup Agglomeration,2025,JOURNAL OF FINANCE,10.1111/jofi.13451,Versuch1.csv
Chevalier - 1995 - Capital Structure and Product-Market Competition Empirical Evidence from the Supermarket Industry.pdf,Judith A. Chevalier,NA,NA,NA,NA,NA,NA,Capital Structure and Product-Market Competition Empirical Evidence from the Supermarket Industry,1995,NA,NA,reviewed OpenAlex cache
Chung et al. - 2012 - Pay for Performance from Future Fund Flows The Case of Private Equity.pdf,"Chung, Ji-Woong","Sensoy, Berk A.","Stern, Léa","Weisbach, Michael S.",NA,NA,NA,Pay for performance from future fund flows: The case of private equity,2012,Review of Financial Studies,10.1093/rfs/hhr141,All_private_equity_bib.csv; Versuch1.csv
Cirillo et al. - 2019 - Family ownership and R&D investment the moderating role of banks and private equity.pdf,"Cirillo, Alessandro","Ossorio, Mario","Pennacchio, Luca",NA,NA,NA,NA,Family ownership and R&D investment: the moderating role of banks and private equity,2019,Management Decision,10.1108/md-07-2016-0454,All_private_equity_bib.csv
Clayton - 2020 - The Private Equity Negotiation Myth.pdf,"Clayton, William W.",NA,NA,NA,NA,NA,NA,The private equity negotiation myth,2020,Yale Journal on Regulation,10.2139/ssrn.3335656,All_private_equity_bib.csv
Cochrane - 2005 - The risk and return of venture capital.pdf,"Cochrane, John H.",NA,NA,NA,NA,NA,NA,The risk and return of venture capital,2005,Journal of Financial Economics,10.1016/j.jfineco.2004.03.006,All_private_equity_bib.csv; Versuch1.csv
Cohn et al. - 2014 - The evolution of capital structure and operating performance after leveraged buyouts Evidence from.pdf,"Cohn, Jonathan B.","Mills, Lillian F.","Towery, Erin M.",NA,NA,NA,NA,The evolution of capital structure and operating performance after leveraged buyouts: Evidence from U.S. corporate tax returns,2014,Journal of Financial Economics,10.1016/j.jfineco.2013.11.007,Versuch1.csv
Cohn et al. - 2022 - Sources of Value Creation in Private Equity Buyouts of Private Firms.pdf,"Cohn, Jonathan B","Hotchkiss, Edith S","Towery, Erin M",NA,NA,NA,NA,Sources of Value Creation in Private Equity Buyouts of Private Firms,2022,Review of Finance,10.1093/rof/rfac005,All_private_equity_bib.csv
Cohn und Nestoriak - 2021 - Private Equity Buyouts and Workplace Safety.pdf,"Cohn, Jonathan","Nestoriak, Nicole","Wardlaw, Malcolm",NA,NA,NA,NA,Private Equity Buyouts and Workplace Safety,2021,Review of Financial Studies,10.1093/rfs/hhab001,All_private_equity_bib.csv; Versuch1.csv
Cole et al. - 2026 - Long-Run Returns to Private Equity in Emerging Markets.pdf,"Cole, Shawn","Melecky, Martin","Molders, Florian","Reed, Tristan",NA,NA,NA,Long-Run Returns to Private Equity in Emerging,2026,Management Science,10.1287/mnsc.2023.03313,All_private_equity_bib.csv; Versuch1.csv
Cole et al. - 2026 - What Do Impact Investors Do Differently.pdf,Shawn Allen Cole,Leslie A. Jeng,Josh Lerner,Natalia Rigol,Benjamin Roth,NA,NA,What Do Impact Investors Do Differently,2026,NA,10.2139/ssrn.4233480,reviewed OpenAlex cache
Colonnelli et al. - 2024 - Investing with the Government - A Field Experiment in China.pdf,"Colonnelli, Emanuele","Li, Bo","Liu, Ernest",NA,NA,NA,NA,Investing with the Government: A Field Experiment in China,2024,Journal of Political Economy,10.1086/726237,All_private_equity_bib.csv; Versuch1.csv
Colonnelli et al. - 2024 - Investing with the Government A Field Experiment in China (Online Appendix).pdf,NA,NA,NA,NA,NA,NA,NA,Investing with the Government A Field Experiment in China (Online Appendix),2024,NA,NA,PDF filename
Cornelli et al. - 2013 - Monitoring Managers Does It Matter.pdf,"Cornelli, Francesca","Kominek, Zbigniew","Ljungqvist, Alexander",NA,NA,NA,NA,Monitoring managers: Does it matter?,2013,Journal of Finance,10.1111/jofi.12004,All_private_equity_bib.csv; Versuch1.csv
Cornelli et al. - 2019 - Team Stability and Performance Evidence from Private Equity.pdf,Francesca Cornelli,Elena Simintzi,Vikrant Vig,NA,NA,NA,NA,Team Stability and Performance Evidence from Private Equity,2019,NA,10.2139/ssrn.2778213,reviewed OpenAlex cache
Corporate Governance - 2009 - Wright - Private Equity and Corporate Governance  Retrospect and Prospect.pdf,"Wright, Mike","Amess, Kevin","Weir, Charlie","Girma, Sourafel",NA,NA,NA,Private equity and corporate governance: Retrospect and prospect,2009,Corporate Governance: An International Review,10.1111/j.1467-8683.2009.00744.x,All_private_equity_bib.csv
Corporate Governance - 2010 - Gong - CEO Turnover in Private Equity Sponsored Leveraged Buyouts.pdf,James Jianxin Gong,Steve Yu-Ching Wu,NA,NA,NA,NA,NA,Gong - CEO Turnover in Private Equity Sponsored Leveraged Buyouts,2010,NA,10.1111/j.1467-8683.2010.00834.x,reviewed OpenAlex cache
Corporate Governance - 2011 - Goergen - Private Equity Takeovers and Employment in the UK  Some Empirical Evidence.pdf,Marc Goergen,Noel O’Sullivan,Geoffrey Wood,NA,NA,NA,NA,Goergen - Private Equity Takeovers and Employment in the UK  Some Empirical Evidence,2011,NA,10.2139/ssrn.1906308,reviewed OpenAlex cache
Cotter und Peck - 2001 - The Structure of Debt and Active Equity Investors The Case of the Buyout Specialist.pdf,James F Cotter,Sarah W. Peck,NA,NA,NA,NA,NA,The Structure of Debt and Active Equity Investors The Case of the Buyout Specialist,2001,NA,10.1016/s0304-405x(00)00083-0,reviewed OpenAlex cache
Covas und Fujita - 2011 - Private Equity Premium and Aggregate Uncertainty in a Model of Uninsurable Investment Risk.pdf,"Covas, Francisco","Fujita, Shigeru",NA,NA,NA,NA,NA,Private equity premium and aggregate uncertainty in a model of uninsurable investment risk,2011,B.E. Journal of Macroeconomics,10.2202/1935-1690.2216,All_private_equity_bib.csv
Cressy et al. - 2007 - Playing to their strengths Evidence that specialization in the private equity industry confers competitive advantage.pdf,"Cressy, Robert","Munari, Federico","Malipiero, Alessandro",NA,NA,NA,NA,Playing to their strengths? Evidence that specialization in the private equity industry confers competitive advantage,2007,Journal of Corporate Finance,10.1016/j.jcorpfin.2007.04.007,All_private_equity_bib.csv
"Crifo et al. - 2015 - The price of environmental, social and governance practice disclosure An experiment with professional private equity investors.pdf","Crifo, Patricia","Forget, Vanina D.","Teyssier, Sabrina",NA,NA,NA,NA,"The price of environmental, social and governance practice disclosure: An experiment with professional private equity investors",2015,Journal of Corporate Finance,10.1016/j.jcorpfin.2014.12.006,All_private_equity_bib.csv
"Crifo und Forget - 2013 - Think Global, Invest Responsible Why the Private Equity Industry Goes Green.pdf","Crifo, Patricia","Forget, Vanina D.",NA,NA,NA,NA,NA,"Think Global, Invest Responsible: Why the Private Equity Industry Goes Green",2013,Journal of Business Ethics,10.1007/s10551-012-1443-y,All_private_equity_bib.csv
Cronqvist und Fahlenbrach - 2013 - CEO contract design - How do strong principals do it.pdf,"Cronqvist, Henrik","Fahlenbrach, Rüdiger",NA,NA,NA,NA,NA,CEO contract design: How do strong principals do it?,2013,Journal of Financial Economics,10.1016/j.jfineco.2013.01.013,All_private_equity_bib.csv; Versuch1.csv
"Cumming et al. - 2007 - Private equity, leveraged buyouts and governance.pdf","Cumming, Douglas","Siegel, Donald S.","Wright, Mike",NA,NA,NA,NA,"Private equity, leveraged buyouts and governance",2007,Journal of Corporate Finance,10.1016/j.jcorpfin.2007.04.008,All_private_equity_bib.csv
"Cumming et al. - 2010 - Legal Protection, Corruption and Private Equity Returns in Asia.pdf","Cumming, Douglas","Fleming, Grant","Johan, Sofia","Takeuchi, Mai",NA,NA,NA,"Legal Protection, Corruption and Private Equity Returns in Asia",2010,Journal of Business Ethics,10.1007/s10551-011-0853-6,All_private_equity_bib.csv
Cumming et al. - 2023 - Mapping the venture capital and private equity research a bibliometric review and future research a.pdf,"Cumming, Douglas","Kumar, Satish","Lim, Weng Marc","Pandey, Nitesh",NA,NA,NA,Mapping the venture capital and private equity research: a bibliometric review and future research agenda,2023,Small Business Economics,10.1007/s11187-022-00684-9,Versuch1.csv
Cumming und Walz - 2010 - Private equity returns and disclosure around the world.pdf,"Cumming, Douglas","Walz, Uwe",NA,NA,NA,NA,NA,Private equity returns and disclosure around the world,2010,Journal of International Business Studies,10.1057/jibs.2009.62,All_private_equity_bib.csv
Da Rin und Phalippou - 2017 - The importance of size in private equity Evidence from a survey of limited partners.pdf,"Da Rin, Marco","Phalippou, Ludovic",NA,NA,NA,NA,NA,The importance of size in private equity: Evidence from a survey of limited partners,2017,Journal of Financial Intermediation,10.1016/j.jfi.2016.07.001,All_private_equity_bib.csv
Dann - 1993 - Highly Leveraged Transactions and Managerial Discretion over Investment Policy An Overview.pdf,Larry Y. Dann,NA,NA,NA,NA,NA,NA,Highly Leveraged Transactions and Managerial Discretion over Investment Policy An Overview,1993,NA,10.1016/0165-4101(93)90012-5,reviewed OpenAlex cache
"Davis et al. - 2014 - Private Equity, Jobs, and Productivity.pdf","Davis, Steven J.","Haltiwanger, John","Handley, Kyle","Jarmin, Ron","Lerner, Josh","Miranda, Javier",NA,"Private equity, jobs, and productivity",2014,American Economic Review,10.1257/aer.104.12.3956,All_private_equity_bib.csv; Versuch1.csv
Davis et al. - 2025 - The (Heterogeneous) Economic Effects of Private Equity Buyouts.pdf,"Davis, SJ","Haltiwanger, J","Handley, K","Lipsius, B","Lerner, J","Miranda, J",NA,The (Heterogeneous) Economic Effects of Private Equity Buyouts,2025,MANAGEMENT SCIENCE,10.1287/mnsc.2021.03890,Versuch1.csv
Degeorge et al. - 2016 - On secondary buyouts.pdf,"Degeorge, Francois","Martin, Jens","Phalippou, Ludovic",NA,NA,NA,NA,On secondary buyouts,2016,Journal of Financial Economics,10.1016/j.jfineco.2015.08.007,All_private_equity_bib.csv; Versuch1.csv
Demiroglu und James - 2010 - The role of private equity group reputation in LBO financing.pdf,"Demiroglu, Cem","James, Christopher M.",NA,NA,NA,NA,NA,The role of private equity group reputation in LBO financing,2010,Journal of Financial Economics,10.1016/j.jfineco.2010.02.001,Versuch1.csv
Denes et al. - 2023 - Investor Tax Credits and Entrepreneurship Evidence from U.S. States.pdf,"Denes, M","Howell, ST","Mezzanotti, F","Wang, XX","Xu, T",NA,NA,Investor Tax Credits and Entrepreneurship: Evidence from US States,2023,JOURNAL OF FINANCE,10.1111/jofi.13267,Versuch1.csv
Denis - 1994 - Organizational Form and the Consequences of Highly Leveraged Transactions Kroger's Recapitalization and Safeway's LBO.pdf,David J. Denis,NA,NA,NA,NA,NA,NA,Organizational Form and the Consequences of Highly Leveraged Transactions Kroger's Recapitalization and Safeway's LBO,1994,NA,10.1016/0304-405x(94)90024-8,reviewed OpenAlex cache
"Dimitrova - 2017 - Perverse incentives of special purpose acquisition companies, the “poor man's private equity funds”.pdf","Dimitrova, Lora",NA,NA,NA,NA,NA,NA,"Perverse incentives of special purpose acquisition companies, the “poor man's private equity funds”",2017,Journal of Accounting and Economics,10.1016/j.jacceco.2016.10.003,Versuch1.csv
Dittmar et al. - 2012 - It Pays to Follow the Leader Acquiring Targets Picked by Private Equity.pdf,"Dittmar, Amy","Li, Di","Nain, Amrita",NA,NA,NA,NA,It pays to follow the leader: Acquiring targets picked by private equity,2012,Journal of Financial and Quantitative Analysis,10.1017/s0022109012000361,All_private_equity_bib.csv
Dittmar und Sivadasan - 2014 - Do Going-Private Transactions Affect Plant Efficiency and Investment.pdf,Sreedhar T. Bharath,Amy K. Dittmar,Jagadeesh Sivadasan,NA,NA,NA,NA,Do Going-Private Transactions Affect Plant Efficiency and Investment,2014,NA,10.1093/rfs/hhu027,reviewed OpenAlex cache
"Dow - 2013 - Boards, CEO entrenchment, and the cost of capital.pdf","Dow, James",NA,NA,NA,NA,NA,NA,"Boards, CEO entrenchment, and the cost of capital",2013,Journal of Financial Economics,10.1016/j.jfineco.2013.08.009,All_private_equity_bib.csv; Versuch1.csv
Driessen et al. - 2012 - A New Method to Estimate Risk and Return of Nontraded Assets from Cash Flows The Case of Private Equity Funds.pdf,"Driessen, Joost","Lin, Tse-Chun","Phalippou, Ludovic",NA,NA,NA,NA,A new method to estimate risk and return of nontraded assets from cash flows: The case of private equity funds,2012,Journal of Financial and Quantitative Analysis,10.1017/s0022109012000221,All_private_equity_bib.csv
Duevski et al. - 2026 - Can Limited Partners Mitigate Negative Externalities in Private Equity.pdf,Teodor Duevski,Chhavi Rastogi,Tianhao Yao,NA,NA,NA,NA,Can Limited Partners Mitigate Negative Externalities in Private Equity,2026,NA,NA,reviewed OpenAlex cache
Dyck und Pomorski - 2016 - Investor Scale and Performance in Private Equity Investments.pdf,"Dyck, A.","Pomorski, L.",NA,NA,NA,NA,NA,Investor Scale and Performance in Private Equity Investments,2016,Review of Finance,10.1093/rof/rfv030,All_private_equity_bib.csv
"Easton et al. - 2025 - Private Equity Fund Reporting Quality, External Monitors, and Third-Party Service Providers.pdf","Easton, Peter D.","Larocque, Stephannie A.","Mason, Paul","Utke, Steven",NA,NA,NA,"Private Equity Fund Reporting Quality, External Monitors, and Third-Party Service Providers",2025,Accounting Review,10.2308/tar-2023-0291,All_private_equity_bib.csv; Versuch1.csv
Eaton et al. - 2020 - Private Equity in Higher Education.pdf,"Eaton, Charlie","Howell, Sabrina T.","Yannelis, Constantine",NA,NA,NA,NA,When investor incentives and consumer interests diverge: Private equity in higher education,2020,Review of Financial Studies,10.1093/rfs/hhz129,All_private_equity_bib.csv; Versuch1.csv
Edgerton - 2012 - Agency Problems in Public Firms Evidence from Corporate Jets in Leveraged Buyouts.pdf,"Edgerton, Jesse",NA,NA,NA,NA,NA,NA,Agency Problems in Public Firms: Evidence from Corporate Jets in Leveraged Buyouts,2012,Journal of Finance,10.1111/j.1540-6261.2012.01784.x,All_private_equity_bib.csv; Versuch1.csv
Edmans - 2011 - Short-term termination without deterring long-term investment - A theory of debt and buyouts.pdf,"Edmans, Alex",NA,NA,NA,NA,NA,NA,Short-term termination without deterring long-term investment: A theory of debt and buyouts,2011,Journal of Financial Economics,10.1016/j.jfineco.2010.11.005,All_private_equity_bib.csv; Versuch1.csv
Eisenthal-Berkovitz et al. - 2020 - Leveraged buyouts and bond credit spreads.pdf,"Eisenthal-Berkovitz, Yael","Feldhütter, Peter","Vig, Vikrant",NA,NA,NA,NA,Leveraged buyouts and bond credit spreads,2020,Journal of Financial Economics,10.1016/j.jfineco.2019.07.007,Versuch1.csv
Engel et al. - 2007 - The Sarbanes-Oxley Act and Firms' Going-Private Decisions.pdf,Ellen Engel,Rachel M. Hayes,Xue Wang,NA,NA,NA,NA,The Sarbanes-Oxley Act and Firms' Going-Private Decisions,2007,NA,10.2139/ssrn.546626,reviewed OpenAlex cache
"Engel und Stiebale - 2014 - Private equity, investment and financial constraints firm-level evidence for France and the United Kingdom.pdf","Engel, Dirk","Stiebale, Joel",NA,NA,NA,NA,NA,"Private equity, investment and financial constraints: Firm-level evidence for France and the United Kingdom",2014,Small Business Economics,10.1007/s11187-013-9530-8,All_private_equity_bib.csv
"Ercan et al. - 2024 - Interim Valuations, Predictability, and Outcomes in Private Equity.pdf",Ege Y. Ercan,Steven Neil Kaplan,Ilya A. Strebulaev,NA,NA,NA,NA,"Interim Valuations, Predictability, and Outcomes in Private Equity",2024,NA,10.2139/ssrn.4833819,reviewed OpenAlex cache
Euro Fin Management - 2009 - Diller - What Drives Private Equity Returns   Fund Inflows  Skilled GPs  and or Risk.pdf,"Diller, Christian","Kaserer, Christoph",NA,NA,NA,NA,NA,"What drives private equity returns? - Fund inflows, skilled GPs, and/or risk?",2009,European Financial Management,10.1111/j.1468-036x.2007.00438.x,All_private_equity_bib.csv
Euro Fin Management - 2011 - Metrick - Venture Capital and Other Private Equity  a Survey.pdf,"Metrick, Andrew","Yasuda, Ayako",NA,NA,NA,NA,NA,Venture Capital and Other Private Equity: A Survey,2011,European Financial Management,10.1111/j.1468-036x.2011.00606.x,All_private_equity_bib.csv
Euro Fin Management - 2012 - Achleitner - Private Equity Lemons Evidence on Value Creation in Secondary Buyouts.pdf,"Achleitner, Ann-Kristin","Figge, Christian",NA,NA,NA,NA,NA,Private equity lemons? Evidence on value creation in secondary buyouts,2014,European Financial Management,10.1111/j.1468-036x.2012.00644.x,All_private_equity_bib.csv
Ewens - 2020 - The Deregulation of the Private Equity Markets and the Decline in IPOs.pdf,"Ewens, Michael","Farre-Mensa, Joan",NA,NA,NA,NA,NA,The Deregulation of the Private Equity Markets and the Decline in IPOs,2020,Review of Financial Studies,10.1093/rfs/hhaa053,All_private_equity_bib.csv; Versuch1.csv
Ewens et al. - 2013 - The Price of Diversifiable Risk in Venture Capital and Private Equity.pdf,"Ewens, Michael","Jones, Charles M.","Rhodes-Kropf, Matthew",NA,NA,NA,NA,The price of diversifiable risk in venture capital and private equity,2013,Review of Financial Studies,10.1093/rfs/hht035,All_private_equity_bib.csv; Versuch1.csv
Ewens et al. - 2018 - Cost of experimentation and the evolution of venture capital.pdf,"Ewens, Michael","Nanda, Ramana","Rhodes-Kropf, Matthew",NA,NA,NA,NA,Cost of experimentation and the evolution of venture capital,2018,Journal of Financial Economics,10.1016/j.jfineco.2018.03.001,Versuch1.csv
Ewens et al. - 2022 - Venture capital contracts.pdf,"Ewens, Michael","Gorbenko, Alexander","Korteweg, Arthur",NA,NA,NA,NA,Venture capital contracts,2022,Journal of Financial Economics,10.1016/j.jfineco.2021.06.042,Versuch1.csv
Ewens et al. - 2023 - Local Journalism under Private Equity Ownership.pdf,Michael Ewens,Arpit Gupta,Sabrina T Howell,NA,NA,NA,NA,Local Journalism under Private Equity Ownership,2023,NA,10.2139/ssrn.3939405,reviewed OpenAlex cache
Ewens et al. - 2024 - Regulatory Costs of Being Public Evidence from Bunching Estimation.pdf,Michael Ewens,Kairong Xiao,Ting Xu,NA,NA,NA,NA,Regulatory Costs of Being Public Evidence from Bunching Estimation,2024,NA,10.31235/osf.io/pdv8n,reviewed OpenAlex cache
Ewens und Rhodes-Kropf - 2015 - Is a VC Partnership Greater Than the Sum of Its Partners.pdf,"Ewens, M","Rhodes-Kropf, M",NA,NA,NA,NA,NA,Is a VC Partnership Greater Than the Sum of Its Partners?,2015,JOURNAL OF FINANCE,10.1111/jofi.12249,Versuch1.csv
Faccio und Hsu - 2017 - Politically Connected Private Equity and Employment.pdf,"Faccio, Mara","Hsu, Hung-Chia",NA,NA,NA,NA,NA,Politically Connected Private Equity and Employment,2017,Journal of Finance,10.1111/jofi.12483,All_private_equity_bib.csv; Versuch1.csv
Fang et al. - 2013 - Combining Banking with Private Equity Investing.pdf,"Fang, Lily","Ivashina, Victoria","Lerner, Josh",NA,NA,NA,NA,Combining banking with private equity investing,2013,Review of Financial Studies,10.1093/rfs/hht031,All_private_equity_bib.csv; Versuch1.csv
Fang et al. - 2015 - The disintermediation of financial markets Direct investing in private equity.pdf,"Fang, Lily","Ivashina, Victoria","Lerner, Josh",NA,NA,NA,NA,The disintermediation of financial markets: Direct investing in private equity,2015,Journal of Financial Economics,10.1016/j.jfineco.2014.12.002,Versuch1.csv
Fang et al. - 2026 - Private Equity and Pay Gaps Inside the Firm.pdf,"Fang, Lily","Goldman, Jim","Roulet, Alexandra",NA,NA,NA,NA,Private Equity and Pay Gaps Inside the Firm,2026,Journal of Finance,10.1111/jofi.70043,All_private_equity_bib.csv; Versuch1.csv
Fenn und Liang - 1998 - New resources and new ideas Private equity for small businesses.pdf,"Fenn, George W.","Liang, Nellie",NA,NA,NA,NA,NA,New resources and new ideas: Private equity for small businesses,1998,Journal of Banking and Finance,10.1016/s0378-4266(98)00042-9,All_private_equity_bib.csv
Financial Management - 2011 - Levis - The Performance of Private Equity‐Backed IPOs.pdf,"Levis, Mario",NA,NA,NA,NA,NA,NA,The Performance of Private Equity-Backed IPOs,2011,Financial Management,10.1111/j.1755-053x.2010.01141.x,All_private_equity_bib.csv
Financial Management - 2015 - Bonini - Secondary Buyouts  Operating Performance and Investment Determinants.pdf,"Bonini, Stefano",NA,NA,NA,NA,NA,NA,Secondary Buyouts: Operating Performance and Investment Determinants,2015,Financial Management,10.1111/fima.12086,All_private_equity_bib.csv
Financial Management - 2019 - Ljungqvist - The investment behavior of buyout funds  Theory and evidence (1) 2.pdf,Alexander P. Ljungqvist,Matthew P. Richardson,Daniel Wolfenzon,NA,NA,NA,NA,Ljungqvist - The investment behavior of buyout funds  Theory and evidence (1) 2,2019,NA,NA,reviewed OpenAlex cache
Financial Management - 2019 - Ljungqvist - The investment behavior of buyout funds  Theory and evidence (1).pdf,NA,NA,NA,NA,NA,NA,NA,Ljungqvist - The investment behavior of buyout funds  Theory and evidence (1),2019,NA,NA,PDF filename
Financial Management - 2019 - Ljungqvist - The investment behavior of buyout funds  Theory and evidence.pdf,NA,NA,NA,NA,NA,NA,NA,Ljungqvist - The investment behavior of buyout funds  Theory and evidence,2019,NA,NA,existing PDF metadata
Financial Management - 2021 - Bollen - How much for a haircut  Illiquidity  secondary markets  and the value of private.pdf,Nicolas P. B. Bollen,Berk A. Sensoy,NA,NA,NA,NA,NA,Bollen - How much for a haircut  Illiquidity  secondary markets  and the value of private,2021,NA,10.2139/ssrn.2608549,reviewed OpenAlex cache
"Fracassi et al. - 2022 - Barbarians at the Store Private Equity, Products, and Consumers.pdf","Fracassi, Cesare","Previtero, Alessandro","Sheen, Albert",NA,NA,NA,NA,"Barbarians at the Store? Private Equity, Products, and Consumers",2022,Journal of Finance,10.1111/jofi.13134,All_private_equity_bib.csv; Versuch1.csv
Franzoni et al. - 2012 - Private Equity Performance and Liquidity Risk.pdf,"Franzoni, Francesco","Nowak, Eric","Phalippou, Ludovic",NA,NA,NA,NA,Private Equity Performance and Liquidity Risk,2012,Journal of Finance,10.1111/j.1540-6261.2012.01788.x,All_private_equity_bib.csv; Versuch1.csv
"Froud - 2015 - Review Symposium Eileen Appelbaum and Rosemary Batt, Private Equity at Work When Wall Street Manages Main Street, New York, Russel Sage Foundation, 2014.pdf","Hauptmeier, Marco",NA,NA,NA,NA,NA,NA,"Eileen Appelbaum and Rosemary Batt, Private Equity at Work: When Wall Street Manages Main Street, New York, Russel Sage Foundation, 2014",2015,Socio-Economic Review,10.1093/ser/mwv026,All_private_equity_bib.csv
Fu et al. - 2019 - Made for each other - Perfect matching in venture capital markets.pdf,NA,NA,NA,NA,NA,NA,NA,Made for each other - Perfect matching in venture capital markets,2019,NA,NA,PDF filename
Fuchs et al. - 2021 - Winning a deal in private equity Do educational ties matter.pdf,"Fuchs, Florian","Füss, Roland","Jenkinson, Tim","Morkoetter, Stefan",NA,NA,NA,Winning a deal in private equity: Do educational ties matter?,2021,Journal of Corporate Finance,10.1016/j.jcorpfin.2020.101740,All_private_equity_bib.csv
Gandhi et al. - 2020 - Have Private Equity Owned Nursing Homes Fared Worse Under COVID-19.pdf,Ashvin D. Gandhi,YoungJun Song,Prabhava Upadrashta,NA,NA,NA,NA,Have Private Equity Owned Nursing Homes Fared Worse Under COVID-19,2020,NA,10.2139/ssrn.3682892,reviewed OpenAlex cache
"Gandhi et al. - 2026 - Private Equity, Consumers, and Competition Evidence from the Nursing Home Industry.pdf","Gandhi, AD","Song, YJ","Upadrashta, P",NA,NA,NA,NA,"Private Equity, Consumers, and Competition: Evidence from the Nursing Home Industry",2026,MANAGEMENT SCIENCE,10.1287/mnsc.2023.01486,Versuch1.csv
Gao et al. - 2021 - Private Equity in the Hospital Industry.pdf,"Gao, Janet","Kim, Yongseok","Sevilir, Merih",NA,NA,NA,NA,Private Equity in the Hospital Industry,2021,NA,10.2139/ssrn.3924517,Versuch1.csv
Geczy et al. - 2021 - Contracts with (Social) benefits - The implementation of impact investing.pdf,"Geczy, Christopher","Jeffers, Jessica S.","Musto, David K.","Tucker, Anne M.",NA,NA,NA,Contracts with (Social) benefits: The implementation of impact investing,2021,Journal of Financial Economics,10.1016/j.jfineco.2021.01.006,All_private_equity_bib.csv; Versuch1.csv
Ghysels und Gredil - 2023 - Nowcasting Net Asset Values The Case of Private Equity.pdf,"Brown, Gregory W.","Ghysels, Eric","Gredil, Oleg R.",NA,NA,NA,NA,Nowcasting Net Asset Values: The Case of Private Equity,2023,Review of Financial Studies,10.1093/rfs/hhac045,All_private_equity_bib.csv; Versuch1.csv
"Giat et al. - 2010 - Investment under Uncertainty, Heterogeneous Beliefs, and Agency Conflicts.pdf","Giat, Yahel","Hackman, Steve T.","Subramanian, Ajay",NA,NA,NA,NA,"Investment under uncertainty, heterogeneous beliefs, and agency conflicts",2010,Review of Financial Studies,10.1093/rfs/hhp096,All_private_equity_bib.csv; Versuch1.csv
Gilreath et al. - 2019 - Physician Practice Management and Private Equity Market Forces Drive Change.pdf,"Gilreath, Mark","Morris, Steven","Brill, Joel V.",NA,NA,NA,NA,Physician Practice Management and Private Equity: Market Forces Drive Change,2019,Clinical Gastroenterology and Hepatology,10.1016/j.cgh.2019.05.001,All_private_equity_bib.csv
Gilreath et al. - 2021 - Gastroenterology Physician Practice Management and Private Equity Thriving in Uncertain Times.pdf,"Gilreath, Mark","Patel, Neal C.","Suh, John","Brill, Joel V.",NA,NA,NA,Gastroenterology Physician Practice Management and Private Equity: Thriving in Uncertain Times,2021,Clinical Gastroenterology and Hepatology,10.1016/j.cgh.2021.03.015,All_private_equity_bib.csv
"Gilson und Whitehead - 2008 - Deconstructing Equity Public Ownership, Agency Costs, and Complete Capital Markets.pdf","Gilson, Ronald J.","Whitehead, Charles K.",NA,NA,NA,NA,NA,"Deconstructing equity: Public ownership, agency costs, and complete capital markets",2008,Columbia Law Review,10.7916/d80865c2,All_private_equity_bib.csv
Goktan und Muslu - 2018 - Benefits of public reporting Evidence from IPOs backed by listed private equity firms.pdf,"Goktan, M. Sinan","Muslu, Volkan",NA,NA,NA,NA,NA,Benefits of public reporting: Evidence from IPOs backed by listed private equity firms,2018,Journal of Corporate Finance,10.1016/j.jcorpfin.2017.09.011,All_private_equity_bib.csv
Goldfarb et al. - 2007 - Was there too little entry during the Dot Com Era.pdf,"Goldfarb, Brent","Kirsch, David","Miller, David A.",NA,NA,NA,NA,Was there too little entry during the Dot Com Era?,2007,Journal of Financial Economics,10.1016/j.jfineco.2006.03.009,All_private_equity_bib.csv; Versuch1.csv
Gompers et al. - 2008 - Venture capital investment cycles - The impact of public markets.pdf,"Gompers, Paul","Kovner, Anna","Lerner, Josh","Scharfstein, David",NA,NA,NA,Venture capital investment cycles: The impact of public markets,2008,Journal of Financial Economics,10.1016/j.jfineco.2006.12.002,All_private_equity_bib.csv; Versuch1.csv
Gompers et al. - 2010 - Performance persistence in entrepreneurship.pdf,"Gompers, Paul","Kovner, Anna","Lerner, Josh","Scharfstein, David",NA,NA,NA,Performance persistence in entrepreneurship,2010,Journal of Financial Economics,10.1016/j.jfineco.2009.11.001,All_private_equity_bib.csv; Versuch1.csv
Gompers et al. - 2016 - What do private equity firms say they do.pdf,"Gompers, Paul","Kaplan, Steven N.","Mukharlyamov, Vladimir",NA,NA,NA,NA,What do private equity firms say they do?,2016,Journal of Financial Economics,10.1016/j.jfineco.2016.06.003,Versuch1.csv
Gompers et al. - 2020 - How do venture capitalists make decisions.pdf,"Gompers, Paul A.","Gornall, Will","Kaplan, Steven N.","Strebulaev, Ilya A.",NA,NA,NA,How do venture capitalists make decisions?,2020,Journal of Financial Economics,10.1016/j.jfineco.2019.06.011,All_private_equity_bib.csv; Versuch1.csv
Gompers et al. - 2023 - The Market for CEOs Evidence from Private Equity.pdf,Paul A. Gompers,Steven Neil Kaplan,Vladimir Mukharlyamov,NA,NA,NA,NA,The Market for CEOs Evidence from Private Equity,2023,NA,10.2139/ssrn.4161173,reviewed OpenAlex cache
Gompers und Lerner - 1999 - An analysis of compensation in the U.S. venture capital partnership.pdf,"Gompers, Paul","Lerner, Josh",NA,NA,NA,NA,NA,An analysis of compensation in the U.S. venture capital partnership,1999,Journal of Financial Economics,10.1016/s0304-405x(98)00042-7,All_private_equity_bib.csv; Versuch1.csv
Gompers und Lerner - 2000 - Money chasing deals - The impact of fund inflows on private equity valuations.pdf,"Gompers, Paul","Lerner, Josh",NA,NA,NA,NA,NA,Money chasing deals? The impact of fund inflows on private equity valuations,2000,Journal of Financial Economics,10.1016/s0304-405x(99)00052-5,All_private_equity_bib.csv; Versuch1.csv
Gondi und Song - 2019 - Potential Implications of Private Equity Investments in Health Care Delivery.pdf,"Gondi, Suhas","Song, Zirui",NA,NA,NA,NA,NA,Potential Implications of Private Equity Investments in Health Care Delivery,2019,JAMA - Journal of the American Medical Association,10.1001/jama.2019.1077,All_private_equity_bib.csv
González-Uribe - 2020 - Exchanges of innovation resources inside venture capital portfolios.pdf,"González-Uribe, J",NA,NA,NA,NA,NA,NA,Exchanges of innovation resources inside venture capital portfolios,2020,JOURNAL OF FINANCIAL ECONOMICS,10.1016/j.jfineco.2019.05.017,Versuch1.csv
Gorbenko und Malenko - 2014 - Strategic and Financial Bidders in Takeover Auctions.pdf,"Gorbenko, AS","Malenko, A",NA,NA,NA,NA,NA,Strategic and Financial Bidders in Takeover Auctions,2014,JOURNAL OF FINANCE,10.1111/jofi.12194,Versuch1.csv
Gorbenko und Malenko - 2024 - Auctions with Endogenous Initiation.pdf,"Gorbenko, AS","Malenko, A",NA,NA,NA,NA,NA,Auctions with Endogenous Initiation,2024,JOURNAL OF FINANCE,10.1111/jofi.13288,Versuch1.csv
Gornall et al. - 2025 - Do Employees Cheer for Private Equity The Heterogeneous Effects of Buyouts on Job Quality.pdf,"Gornall, Will","Gredil, Oleg R.","Howell, Sabrina T.","Liu, Xing","Sockin, Jason",NA,NA,Do Employees Cheer for Private Equity? The Heterogeneous Effects of Buyouts on Job Quality,2025,Management Science,10.1287/mnsc.2022.00951,All_private_equity_bib.csv; Versuch1.csv
Goyal et al. - 2026 - Picking partners - Manager selection in private markets.pdf,"Goyal, Amit","Wahal, Sunil","Yavuz, M. Deniz",NA,NA,NA,NA,Picking partners: Manager selection in private markets,2026,Journal of Financial Economics,10.1016/j.jfineco.2026.104250,All_private_equity_bib.csv; Versuch1.csv
Gredil - 2022 - Do Private Equity Managers Have Superior Information on Public Markets.pdf,"Gredil, Oleg R.",NA,NA,NA,NA,NA,NA,Do Private Equity Managers Have Superior Information on Public Markets?,2022,Journal of Financial and Quantitative Analysis,10.1017/s0022109021000107,All_private_equity_bib.csv
Gredil et al. - 2020 - Evaluating Private Equity performance using Stochastic Discount Factors.pdf,Oleg R. Gredil,Morten Sørensen,William S. Waller,NA,NA,NA,NA,Evaluating Private Equity performance using Stochastic Discount Factors,2020,NA,10.2139/ssrn.3506847,reviewed OpenAlex cache
Gredil et al. - 2023 - Benchmarking private equity The direct alpha method.pdf,"Gredil, Oleg R.","Griffiths, Barry","Stucke, Rüdiger",NA,NA,NA,NA,Benchmarking private equity: The direct alpha method,2023,Journal of Corporate Finance,10.1016/j.jcorpfin.2023.102360,All_private_equity_bib.csv
Gredil et al. - 2025 - Diversifying Private Equity.pdf,Oleg R. Gredil,Yan Liu,Berk A. Sensoy,NA,NA,NA,NA,Diversifying Private Equity,2025,NA,NA,reviewed OpenAlex cache
"Gryglewicz und Mayer - 2023 - Dynamic Contracting with Intermediation Operational, Governance, and Financial Engineering.pdf","Gryglewicz, Sebastian","Mayer, Simon",NA,NA,NA,NA,NA,"Dynamic Contracting with Intermediation: Operational, Governance, and Financial Engineering",2023,Journal of Finance,10.1111/jofi.13265,All_private_equity_bib.csv; Versuch1.csv
Guo et al. - 2011 - Do Buyouts (Still) Create Value.pdf,"Guo, SR","Hotchkiss, ES","Song, WH",NA,NA,NA,NA,Do Buyouts (Still) Create Value?,2011,JOURNAL OF FINANCE,10.1111/j.1540-6261.2010.01640.x,Versuch1.csv
Gupta et al. - 2024 - Private Equity Investment in Nursing Homes.pdf,"Gupta, Atul","Howell, Sabrina T","Yannelis, Constantine","Gupta, Abhinav",NA,NA,NA,Owner Incentives and Performance in Healthcare: Private Equity Investment in Nursing Homes,2024,Review of Financial Studies,10.1093/rfs/hhad082,All_private_equity_bib.csv; Versuch1.csv
Gupta und Van Nieuwerburgh - 2021 - Valuing Private Equity Investments Strip by Strip.pdf,"Gupta, Arpit","Van Nieuwerburgh, Stijn",NA,NA,NA,NA,NA,Valuing Private Equity Investments Strip by Strip,2021,Journal of Finance,10.1111/jofi.13073,All_private_equity_bib.csv; Versuch1.csv
Haddad et al. - 2017 - Buyout Activity The Impact of Aggregate Discount Rates.pdf,"Haddad, V","Loualiche, E","Plosser, M",NA,NA,NA,NA,Buyout Activity: The Impact of Aggregate Discount Rates,2017,JOURNAL OF FINANCE,10.1111/jofi.12464,Versuch1.csv
Halpern et al. - 1999 - On the Heterogeneity of Leveraged Going Private Transactions.pdf,Paul Halpern,Robert L. Kieschnick,Wendy Rotenberg,NA,NA,NA,NA,On the Heterogeneity of Leveraged Going Private Transactions,1999,NA,10.1093/rfs/12.2.281,reviewed OpenAlex cache
Hand - 2005 - The Value Relevance of Financial Statements in the Venture Capital Market.pdf,"Hand, John R. M.",NA,NA,NA,NA,NA,NA,The value relevance of financial statements in the venture capital market,2005,Accounting Review,10.2308/accr.2005.80.2.613,All_private_equity_bib.csv; Versuch1.csv
Harford et al. - 2019 - Do Insiders Time Management Buyouts and Freezeouts to Buy Undervalued Targets.pdf,"Harford, J","Stanfield, J","Zhang, F",NA,NA,NA,NA,Do insiders time management buyouts and freezeouts to buy undervalued targets?,2019,JOURNAL OF FINANCIAL ECONOMICS,10.1016/j.jfineco.2017.12.010,Versuch1.csv
Harford und Kolasinski - 2014 - Do Private Equity Returns Result from Wealth Transfers and Short-Termism.pdf,"Harford, Jarrad","Kolasinski, Adam",NA,NA,NA,NA,NA,Do private equity returns result from wealth transfers and short-termism evidence from a comprehensive sample of large buyouts,2014,Management Science,10.1287/mnsc.2013.1790,All_private_equity_bib.csv; Versuch1.csv
Harris et al. - 2014 - Private Equity Performance What Do We Know.pdf,"Harris, Robert S.","Jenkinson, Tim","Kaplan, Steven N.",NA,NA,NA,NA,Private Equity Performance: What Do We Know?,2014,The Journal of Finance,10.1111/jofi.12154,Versuch1.csv
Harris et al. - 2018 - Financial intermediation in private equity How well do funds of funds perform.pdf,"Harris, RS","Jenkinson, T","Kaplan, SN","Stucke, R",NA,NA,NA,Financial intermediation in private equity: How well do funds of funds perform?,2018,JOURNAL OF FINANCIAL ECONOMICS,10.1016/j.jfineco.2018.04.013,Versuch1.csv
Harris et al. - 2023 - Has persistence persisted in private equity Evidence from buyout and venture capital funds.pdf,"Harris, Robert S.","Jenkinson, Tim","Kaplan, Steven N.","Stucke, Ruediger",NA,NA,NA,Has persistence persisted in private equity? Evidence from buyout and venture capital funds,2023,Journal of Corporate Finance,10.1016/j.jcorpfin.2023.102361,All_private_equity_bib.csv
Health Services Research - 2011 - Harrington - Nurse Staffing and Deficiencies in the Largest For‐Profit Nursing Home.pdf,"Harrington, Charlene","Olney, Brian","Carrillo, Helen","Kang, Taewoon",NA,NA,NA,Nurse staffing and deficiencies in the largest for-profit nursing home chains and chains owned by private equity companies,2012,Health Services Research,10.1111/j.1475-6773.2011.01311.x,All_private_equity_bib.csv
Holthausen und Larcker - 1996 - The financial performance of reverse leveraged buyouts.pdf,"Holthausen, Robert W.","Larcker, David F.",NA,NA,NA,NA,NA,The financial performance of reverse leveraged buyouts,1996,Journal of Financial Economics,10.1016/0304-405x(96)00884-7,Versuch1.csv
Holthausen und Larcker - 1998 - The financial performance of reverse leveraged buyouts [Journal of Financial Economics 42 (1996) 293.pdf,"Holthausen, Robert W.","Larcker, David F.",NA,NA,NA,NA,NA,The financial performance of reverse leveraged buyouts [Journal of Financial Economics 42 (1996) 293–332],1998,Journal of Financial Economics,10.1016/s0304-405x(97)00040-8,Versuch1.csv
Howell et al. - 2026 - All Clear for Takeoff Evidence from Airports on the Effects of Infrastructure Privatization.pdf,"Howell, ST","Jang, Y","Kim, H","Weisbach, MS",NA,NA,NA,All Clear for Takeoff: Evidence from Airports on the Effects of Infrastructure Privatization,2026,REVIEW OF FINANCIAL STUDIES,10.1093/rfs/hhag023,Versuch1.csv
Huang et al. - 2016 - Private Equity Firms' Reputational Concerns and the Costs of Debt Financing.pdf,"Huang, Rongbing","Ritter, Jay R.","Zhang, Donghang",NA,NA,NA,NA,Private Equity Firms' Reputational Concerns and the Costs of Debt Financing,2016,Journal of Financial and Quantitative Analysis,10.1017/s0022109016000053,All_private_equity_bib.csv
Huang und Bowblis - 2019 - Private equity ownership and nursing home quality an instrumental variables approach.pdf,"Huang, Sean Shenghsiu","Bowblis, John R.",NA,NA,NA,NA,NA,Private equity ownership and nursing home quality: an instrumental variables approach,2019,International Journal of Health Economics and Management,10.1007/s10754-018-9254-z,All_private_equity_bib.csv
Huber und McClure - 2025 - Accounting for Goodwill.pdf,"Huber, Stefan J.","Mcclure, Charles G.",NA,NA,NA,NA,NA,Accounting for Goodwill,2025,Journal of Accounting Research,10.1111/1475-679x.12618,All_private_equity_bib.csv; Versuch1.csv
"Humphery-Jenner - 2012 - Private Equity Fund Size, Investment Size, and Value Creation.pdf","Humphery-Jenner, Mark",NA,NA,NA,NA,NA,NA,"Private equity fund size, investment size, and value creation",2012,Review of Finance,10.1093/rof/rfr011,All_private_equity_bib.csv
Hüther - 2018 - Raising Funds on Performance Are Private Equity Returns Too Good to Be True.pdf,Niklas Hüther,NA,NA,NA,NA,NA,NA,Raising Funds on Performance Are Private Equity Returns Too Good to Be True,2018,NA,10.2139/ssrn.3144179,reviewed OpenAlex cache
Hüther et al. - 2020 - Paying for Performance in Private Equity Evidence from Venture Capital Partnerships.pdf,"Höther, Niklas","Robinson, David T.","Sievers, Sönke","Hartmann-Wendelse, Thomas",NA,NA,NA,Paying for performance in private equity: Evidence from venture capital partnerships,2020,Management Science,10.1287/mnsc.2018.3274,All_private_equity_bib.csv; Versuch1.csv
Inderst und Vladimirov - 2019 - Growth Firms and Relationship Finance A Capital Structure Perspective.pdf,"Inderst, R","Vladimirov, V",NA,NA,NA,NA,NA,Growth Firms and Relationship Finance: A Capital Structure Perspective,2019,MANAGEMENT SCIENCE,10.1287/mnsc.2018.3076,Versuch1.csv
Industrial Relations - 2012 - BACON - The Impact of Private Equity on Management Practices in European Buy‐outs .pdf,"Bacon, Nick","Wright, Mike","Meuleman, Miguel","Scholes, Louise",NA,NA,NA,"The Impact of Private Equity on Management Practices in European Buy-outs: Short-termism, Anglo-Saxon, or Host Country Effects?",2012,Industrial Relations,10.1111/j.1468-232x.2012.00692.x,All_private_equity_bib.csv
Int J Management Reviews - 2009 - Wood - Private equity  A review and synthesis.pdf,Geoffrey Wood,Mike Wright,NA,NA,NA,NA,NA,Wood - Private equity  A review and synthesis,2009,NA,10.1111/j.1468-2370.2009.00264.x,reviewed OpenAlex cache
Ivashina und Kovner - 2011 - The Private Equity Advantage Leveraged Buyout Firms and Relationship Banking.pdf,"Ivashina, Victoria","Kovner, Anna",NA,NA,NA,NA,NA,The private equity advantage: Leveraged buyout firms and relationship banking,2011,Review of Financial Studies,10.1093/rfs/hhr024,All_private_equity_bib.csv; Versuch1.csv
Ivashina und Lerner - 2019 - Pay now or pay later The economics within the private equity partnership.pdf,"Ivashina, Victoria","Lerner, Josh",NA,NA,NA,NA,NA,Pay now or pay later? The economics within the private equity partnership,2019,Journal of Financial Economics,10.1016/j.jfineco.2018.07.017,Versuch1.csv
Jenkinson et al. - 2020 - Private Equity Net Asset Values and Future Cash Flows.pdf,"Jenkinson, Tim","Landsman, Wayne R.","Rountree, Brian R.","Soonawalla, Kazbi",NA,NA,NA,Private equity net asset values and future cash flows,2020,Accounting Review,10.2308/accr-52486,All_private_equity_bib.csv; Versuch1.csv
Jenkinson et al. - 2026 - Long Goodbyes How Do Private Equity Funds Manage Sell-Downs After Initial Public Offerings.pdf,"Jenkinson, Tim","Jones, Howard","Rauch, Christian",NA,NA,NA,NA,Long Goodbyes: How Do Private Equity Funds Manage Sell-Downs After Initial Public Offerings?,2026,Management Science,10.1287/mnsc.2022.02043,All_private_equity_bib.csv; Versuch1.csv
Jenkinson und Sousa - 2015 - What determines the exit decision for leveraged buyouts.pdf,"Jenkinson, Tim","Sousa, Miguel",NA,NA,NA,NA,NA,What determines the exit decision for leveraged buyouts?,2015,Journal of Banking and Finance,10.1016/j.jbankfin.2015.06.007,All_private_equity_bib.csv
Jiang et al. - 2025 - Does Mandatory Disclosure Matter for Private Equity Funds.pdf,Feng Jiang,Paul D. Mason,Yiming Qian,Steven Utke,NA,NA,NA,Does Mandatory Disclosure Matter for Private Equity Funds,2025,NA,NA,reviewed OpenAlex cache
Johan und Zhang - 2016 - Private equity exits in emerging markets.pdf,"Johan, Sofia","Zhang, Minjie",NA,NA,NA,NA,NA,Private equity exits in emerging markets,2016,Emerging Markets Review,10.1016/j.ememar.2016.08.016,All_private_equity_bib.csv
"Johan und Zhang - 2021 - Information Asymmetries in Private Equity Reporting Frequency, Endowments, and Governance.pdf","Johan, Sofia","Zhang, Minjie",NA,NA,NA,NA,NA,"Information Asymmetries in Private Equity: Reporting Frequency, Endowments, and Governance",2021,Journal of Business Ethics,10.1007/s10551-020-04558-6,All_private_equity_bib.csv
Johnston-Ross et al. - 2025 - Private Equity and Financial Stability Evidence from Failed-Bank Resolution in the Crisis.pdf,"Johnston-Ross, Emily","Ma, Song","Puri, Manju",NA,NA,NA,NA,Private Equity and Financial Stability: Evidence from Failed-Bank Resolution in the Crisis,2025,Journal of Finance,10.1111/jofi.13399,All_private_equity_bib.csv; Versuch1.csv
Kaplan - 1989 - The Effects of Management Buyouts on Operating Performance and Value.pdf,Steven Neil Kaplan,NA,NA,NA,NA,NA,NA,The Effects of Management Buyouts on Operating Performance and Value,1989,NA,10.1016/0304-405x(89)90047-0,reviewed OpenAlex cache
Kaplan - 1991 - The staying power of leveraged buyouts.pdf,"Kaplan, Steven N",NA,NA,NA,NA,NA,NA,The staying power of leveraged buyouts,1991,NA,10.1111/j.1745-6622.1993.tb00370.x,Versuch1.csv
Kaplan und Rauh - 2010 - Wall Street and Main Street What Contributes to the Rise in the Highest Incomes.pdf,"Kaplan, Steven N.","Rauh, Joshua",NA,NA,NA,NA,NA,Wall street and main street: What contributes to the rise in the highest incomes,2010,Review of Financial Studies,10.1093/rfs/hhp006,All_private_equity_bib.csv; Versuch1.csv
"Kaplan und Schoar - 2005 - Private Equity Performance - Returns, Persistence, and Capital Flows.pdf","Kaplan, Steven N.","Schoar, Antoinette",NA,NA,NA,NA,NA,"Private equity performance: Returns, persistence, and capital flows",2005,Journal of Finance,10.1111/j.1540-6261.2005.00780.x,All_private_equity_bib.csv; Versuch1.csv
Kaplan und Stein - 1993 - The Evolution of Buyout Pricing and Financial Structure in the 1980s.pdf,S. N. Kaplan,Jeremy C. Stein,NA,NA,NA,NA,NA,The Evolution of Buyout Pricing and Financial Structure in the 1980s,1993,NA,10.2307/2118334,reviewed OpenAlex cache
Kaplan und Strömberg - 2009 - Leveraged Buyouts and Private Equity.pdf,"Kaplan, Steven N.","Strömberg, Per",NA,NA,NA,NA,NA,Leveraged buyouts and private equity,2009,Journal of Economic Perspectives,10.1257/jep.23.1.121,All_private_equity_bib.csv
Kartashova - 2014 - Private Equity Premium Puzzle Revisited.pdf,"Kartashova, Katya",NA,NA,NA,NA,NA,NA,Private equity premium puzzle revisited,2014,American Economic Review,10.1257/aer.104.10.3297,All_private_equity_bib.csv; Versuch1.csv
Katz - 2009 - Earnings Quality and Ownership Structure The Role of Private Equity Sponsors.pdf,"Katz, Sharon P.",NA,NA,NA,NA,NA,NA,Earnings quality and ownership structure: The role of private equity sponsors,2009,Accounting Review,10.2308/accr.2009.84.3.623,All_private_equity_bib.csv; Versuch1.csv
Kim und Olbert - 2022 - How Does Private Firm Disclosure Affect Demand for Public Firm Equity Evidence from the Global Equity Market.pdf,Jinhwan Kim,Marcel Olbert,NA,NA,NA,NA,NA,How Does Private Firm Disclosure Affect Demand for Public Firm Equity Evidence from the Global Equity Market,2022,NA,10.2139/ssrn.3837658,reviewed OpenAlex cache
Kirilenko - 2001 - Valuation and Control in Venture Finance.pdf,"Kirilenko, AA",NA,NA,NA,NA,NA,NA,Valuation and control in venture finance,2001,JOURNAL OF FINANCE,10.1111/0022-1082.00337,Versuch1.csv
Kirti und Sarin - 2024 - What Private Equity Does Differently.pdf,"Kirti, Divya","Sarin, Natasha",NA,NA,NA,NA,NA,What Private Equity Does Differently: Evidence from Life Insurance,2024,Review of Financial Studies,10.1093/rfs/hhad055,All_private_equity_bib.csv; Versuch1.csv
Korteweg - 2019 - Risk Adjustment in Private Equity Returns.pdf,"Korteweg, Arthur",NA,NA,NA,NA,NA,NA,Risk Adjustment in Private Equity Returns,2019,Annual Review of Financial Economics,10.1146/annurev-financial-110118-123057,All_private_equity_bib.csv
Korteweg et al. - 2026 - Private equity for pension plans Evaluating private equity performance from an investor’s perspecti.pdf,"Korteweg, Arthur","Panageas, Stavros","Systla, Anand",NA,NA,NA,NA,Private equity for pension plans? Evaluating private equity performance from an investor’s perspective,2026,Journal of Financial Economics,10.1016/j.jfineco.2026.104336,Versuch1.csv
Korteweg und Nagel - 2016 - Risk-Adjusting the Returns to Venture Capital.pdf,"Korteweg, A","Nagel, S",NA,NA,NA,NA,NA,Risk-Adjusting the Returns to Venture Capital,2016,JOURNAL OF FINANCE,10.1111/jofi.12390,Versuch1.csv
Korteweg und Nagel - 2025 - Risk-Adjusted Returns of Private Equity Funds A New Approach.pdf,"Korteweg, Arthur","Nagel, Stefan",NA,NA,NA,NA,NA,Risk-Adjusted Returns of Private Equity Funds: A New Approach,2025,Review of Financial Studies,10.1093/rfs/hhae067,All_private_equity_bib.csv; Versuch1.csv
Korteweg und Sorensen - 2017 - Skill and luck in private equity performance.pdf,"Korteweg, Arthur","Sorensen, Morten",NA,NA,NA,NA,NA,Skill and luck in private equity performance,2017,Journal of Financial Economics,10.1016/j.jfineco.2017.03.006,Versuch1.csv
Kovenock und Phillips - 1997 - Capital Structure and Product Market Behavior An Examination of Plant Exit and Investment Decisions.pdf,NA,NA,NA,NA,NA,NA,NA,Capital Structure and Product Market Behavior An Examination of Plant Exit and Investment Decisions,1997,NA,NA,PDF filename
Kowalik und Torna - 2026 - The Private Equity Experiment of U.S. Banking Industry.pdf,Gökhan Torna,Michal K. Kowalik,NA,NA,NA,NA,NA,The Private Equity Experiment of U.S. Banking Industry,2026,NA,NA,reviewed OpenAlex cache
Kräussl und Pollet - 2015 - Risk and Expected Returns of Private Equity Investments Evidence Based on Market Prices.pdf,"Jegadeesh, Narasimhan","Kräussl, Roman","Pollet, Joshua M.",NA,NA,NA,NA,Risk and Expected Returns of Private Equity Investments: Evidence Based on Market Prices,2015,Review of Financial Studies,10.1093/rfs/hhv046,All_private_equity_bib.csv; Versuch1.csv
Krohmer et al. - 2009 - The bright and dark side of staging Investment performance and the varying motivations of private equity firms.pdf,"Krohmer, Philipp","Lauterbach, Rainer","Calanog, Victor",NA,NA,NA,NA,The bright and dark side of staging: Investment performance and the varying motivations of private equity firms,2009,Journal of Banking and Finance,10.1016/j.jbankfin.2009.03.005,All_private_equity_bib.csv
La Forgia et al. - 2022 - Association of Physician Management Companies and Private Equity Investment With Commercial Health Care Prices Paid to Anesthesia Practitioners.pdf,"La Forgia, Ambar","Bond, Amelia M.","Braun, Robert Tyler","Yao, Leah Z.","Kjaer, Klaus","Zhang, Manyao","Casalino, Lawrence P.",Association of Physician Management Companies and Private Equity Investment With Commercial Health Care Prices Paid to Anesthesia Practitioners,2022,JAMA Internal Medicine,10.1001/jamainternmed.2022.0004,All_private_equity_bib.csv
La France et al. - 2022 - Hospital Ownership and Financial Stability A Matched Case Comparison of a Nonprofit Health System and a Private Equity-Owned Health System.pdf,"France, Aimee La","Batt, Rosemary","Appelbaum, Eileen",NA,NA,NA,NA,Hospital ownership and financial stability: A matched case comparison of a nonprofit health system and a private equity–owned health system,2021,Advances in Health Care Management,10.1108/s1474-823120210000020007,All_private_equity_bib.csv
Lehn et al. - 1990 - Consolidating corporate control.pdf,"Lehn, Kenneth","Netter, Jeffry","Poulsen, Annette",NA,NA,NA,NA,Consolidating corporate control,1990,Journal of Financial Economics,10.1016/0304-405x(90)90067-a,Versuch1.csv
Lerner - 1994 - Venture capitalists and the decision to go public.pdf,"LERNER, J",NA,NA,NA,NA,NA,NA,VENTURE CAPITALISTS AND THE DECISION TO GO PUBLIC,1994,JOURNAL OF FINANCIAL ECONOMICS,10.1016/0304-405x(94)90035-3,Versuch1.csv
"Lerner et al. - 2007 - Smart Institutions, Foolish Choices The Limited Partner Performance Puzzle.pdf","Lerner, Josh","Schoar, Antoinette","Wongsunwai, Wan",NA,NA,NA,NA,"Smart institutions, foolish choices: The limited partner performance puzzle",2007,Journal of Finance,10.1111/j.1540-6261.2007.01222.x,All_private_equity_bib.csv; Versuch1.csv
Lerner et al. - 2011 - Private Equity and Long-Run Investment The Case of Innovation.pdf,"Lerner, Josh","Sorensen, Morten","Strömberg, Per",NA,NA,NA,NA,Private Equity and Long-Run Investment: The Case of Innovation,2011,Journal of Finance,10.1111/j.1540-6261.2010.01639.x,All_private_equity_bib.csv; Versuch1.csv
Lerner et al. - 2022 - Investing outside the box Evidence from alternative vehicles in private equity.pdf,"Lerner, Josh","Mao, Jason","Schoar, Antoinette","Zhang, Nan R.",NA,NA,NA,Investing outside the box: Evidence from alternative vehicles in private equity,2022,Journal of Financial Economics,10.1016/j.jfineco.2021.05.034,Versuch1.csv
Lerner und Schoar - 2004 - The illiquidity puzzle theory and evidence from private equity.pdf,"Lerner, Josh","Schoar, Antoinette",NA,NA,NA,NA,NA,The illiquidity puzzle: theory and evidence from private equity,2004,Journal of Financial Economics,10.1016/s0304-405x(03)00203-4,Versuch1.csv
Lerner und Schoar - 2005 - Does Legal Enforcement Affect Financial Transactions The Contractual Channel in Private Equity.pdf,Josh Lerner,Antoinette Schoar,NA,NA,NA,NA,NA,Does legal enforcement affect financial transactions? The contractual channel in private equity,2005,NA,10.1162/0033553053327443,reviewed OpenAlex cache
Leuz - 2007 - Was the Sarbanes-Oxley Act of 2002 Really This Costly A Discussion of Evidence from Event Returns and Going-Private Decisions.pdf,Christian Leuz,NA,NA,NA,NA,NA,NA,Was the Sarbanes-Oxley Act of 2002 Really This Costly A Discussion of Evidence from Event Returns and Going-Private Decisions,2007,NA,10.1016/j.jacceco.2007.06.001,reviewed OpenAlex cache
Levit - 2020 - Words Speak Louder without Actions.pdf,"Levit, Doron",NA,NA,NA,NA,NA,NA,Words Speak Louder without Actions,2020,Journal of Finance,10.1111/jofi.12834,All_private_equity_bib.csv; Versuch1.csv
Lichtenberg und Siegel - 1990 - The effects of leveraged buyouts on productivity and related aspects of firm behavior.pdf,"Lichtenberg, R",NA,NA,NA,NA,NA,NA,The effects of leveraged buyouts on productivity and related aspects of firm behavior,1990,NA,10.1016/0304-405x(90)90025-u,Versuch1.csv
Lim et al. - 2014 - Syndicated loan spreads and the composition of the syndicate.pdf,"Lim, Jongha","Minton, Bernadette A.","Weisbach, Michael S.",NA,NA,NA,NA,Syndicated loan spreads and the composition of the syndicate,2014,Journal of Financial Economics,10.1016/j.jfineco.2013.08.001,All_private_equity_bib.csv; Versuch1.csv
Liu - 2022 - Bargaining with Private Equity Implications for Hospital Prices and Patient Welfare.pdf,Tong Liu,NA,NA,NA,NA,NA,NA,Bargaining with Private Equity Implications for Hospital Prices and Patient Welfare,2022,NA,10.2139/ssrn.3896410,reviewed OpenAlex cache
Ljungqvist et al. - 2018 - The Incredible Shrinking Stock Market On the Political Economy Consequences of Excessive Delistings.pdf,Alexander P. Ljungqvist,LARS OLOF PERSSON,Joacim TTg,NA,NA,NA,NA,The Incredible Shrinking Stock Market On the Political Economy Consequences of Excessive Delistings,2018,NA,10.2139/ssrn.2714916,reviewed OpenAlex cache
Lopez-de-Silanes et al. - 2015 - Giants at the Gate Investment Returns and Diseconomies of Scale in Private Equity.pdf,"Lopez-de-Silanes, Florencio","Phalippou, Ludovic","Gottschalg, Oliver",NA,NA,NA,NA,Giants at the Gate: Investment Returns and Diseconomies of Scale in Private Equity,2015,Journal of Financial and Quantitative Analysis,10.1017/s0022109015000113,All_private_equity_bib.csv
Malenko und Malenko - 2015 - A theory of LBO activity based on repeated debt-equity conflicts.pdf,"Malenko, Andrey","Malenko, Nadya",NA,NA,NA,NA,NA,A theory of LBO activity based on repeated debt-equity conflicts,2015,Journal of Financial Economics,10.1016/j.jfineco.2015.06.007,All_private_equity_bib.csv; Versuch1.csv
Marais et al. - 1989 - Wealth Effects of Going Private for Senior Securities.pdf,Laurentius Marais,Katherine Schipper,Abbie J. Smith,NA,NA,NA,NA,Wealth Effects of Going Private for Senior Securities,1989,NA,10.1016/0304-405x(89)90009-3,reviewed OpenAlex cache
Marquez et al. - 2015 - Private Equity Fund Returns and Performance Persistence.pdf,"Marquez, Robert","Nanda, Vikram","Yavuz, M. Deniz",NA,NA,NA,NA,Private Equity Fund Returns and Performance Persistence,2015,Review of Finance,10.1093/rof/rfu045,All_private_equity_bib.csv
Marquez und Singh - 2013 - The economics of club bidding and value creation.pdf,"Marquez, Robert","Singh, Rajdeep",NA,NA,NA,NA,NA,The economics of club bidding and value creation,2013,Journal of Financial Economics,10.1016/j.jfineco.2012.12.001,All_private_equity_bib.csv; Versuch1.csv
Masulis und Thomas - 2009 - Does Private Equity Create Wealth The Effects of Private Equity and Derivatives on Corporate Governance.pdf,"Masulis, Ronald W.","Thomas, Randall S.",NA,NA,NA,NA,NA,Does private equity create wealth? the effects of private equity and derivatives on corporate governance,2009,University of Chicago Law Review,NA,All_private_equity_bib.csv
Maurin et al. - 2023 - A Theory of Liquidity in Private Equity.pdf,"Maurin, Vincent","Robinson, David T.","Strömberg, Per",NA,NA,NA,NA,A Theory of Liquidity in Private Equity,2023,Management Science,10.1287/mnsc.2022.4612,All_private_equity_bib.csv; Versuch1.csv
Mehran und Peristiani - 2010 - Financial Visibility and the Decision to Go Private.pdf,Hamid Mehran,Stavros C. Peristiani,NA,NA,NA,NA,NA,Financial Visibility and the Decision to Go Private,2010,NA,NA,reviewed OpenAlex cache
Metrick und Yasuda - 2010 - The Economics of Private Equity Funds.pdf,"Metrick, Andrew","Yasuda, Ayako",NA,NA,NA,NA,NA,The economics of private equity funds,2010,Review of Financial Studies,10.1093/rfs/hhq020,All_private_equity_bib.csv; Versuch1.csv
Miller et al. - 2026 - Investor expertise and private investment selection.pdf,"Miller, Shane","Yimfor, Emmanuel","Zhang, Ye",NA,NA,NA,NA,Investor expertise and private investment selection,2026,Journal of Financial Economics,10.1016/j.jfineco.2026.104331,All_private_equity_bib.csv; Versuch1.csv
Morris et al. - 2026 - How Deadly Is Financial Leverage Evidence from Care Homes During the COVID-19 Crisis.pdf,"Morris, Peter","Phalippou, Ludovic","Wu, Betty",NA,NA,NA,NA,How Deadly Is Financial Leverage? Evidence from Care Homes During the COVID-19 Crisis,2026,Management Science,10.1287/mnsc.2023.02923,All_private_equity_bib.csv; Versuch1.csv
Morris und Phalippou - 2020 - Thirty years after Jensen's prediction Is private equity a superior form of ownership.pdf,"Morris, Peter","Phalippou, Ludovic",NA,NA,NA,NA,NA,Thirty years after Jensen's prediction: Is private equity a superior form of ownership?,2020,Oxford Review of Economic Policy,10.1093/oxrep/graa004,All_private_equity_bib.csv
Moskowitz und Vissing-Jørgensen - 2002 - The Returns to Entrepreneurial Investment A Private Equity Premium Puzzle.pdf,"Moskowitz, Tobias J.","Vissing-Jørgensen, Annette",NA,NA,NA,NA,NA,The returns to entrepreneurial investment: A private equity premium puzzle?,2002,American Economic Review,10.1257/00028280260344452,All_private_equity_bib.csv; Versuch1.csv
Nadauld et al. - 2019 - The liquidity cost of private equity investments Evidence from secondary market transactions.pdf,"Nadauld, Taylor D.","Sensoy, Berk A.","Vorkink, Keith","Weisbach, Michael S.",NA,NA,NA,The liquidity cost of private equity investments: Evidence from secondary market transactions,2019,Journal of Financial Economics,10.1016/j.jfineco.2018.11.007,Versuch1.csv
Nanda et al. - 2020 - The persistent effect of initial success Evidence from venture capital.pdf,"Nanda, Ramana","Samila, Sampsa","Sorenson, Olav",NA,NA,NA,NA,The persistent effect of initial success: Evidence from venture capital,2020,Journal of Financial Economics,10.1016/j.jfineco.2020.01.004,Versuch1.csv
Nanda und Rhodes-Kropf - 2017 - Financing Risk and Innovation.pdf,"Nanda, R","Rhodes-Kropf, M",NA,NA,NA,NA,NA,Financing Risk and Innovation,2017,MANAGEMENT SCIENCE,10.1287/mnsc.2015.2350,Versuch1.csv
Officer et al. - 2010 - Club deals in leveraged buyouts.pdf,"Officer, Micah S.","Ozbas, Oguzhan","Sensoy, Berk A.",NA,NA,NA,NA,Club deals in leveraged buyouts,2010,Journal of Financial Economics,10.1016/j.jfineco.2010.05.007,All_private_equity_bib.csv; Versuch1.csv
"Offodile et al. - 2021 - Private Equity Investments In Health Care An Overview Of Hospital And Health System Leveraged Buyouts, 2003-17.pdf","Offodile, Anaeze C.","Cerullo, Marcelo","Bindal, Mohini","Rauh-Hain, Jose Alejandro","Ho, Vivian",NA,NA,"Private equity investments in health care: An overview of hospital and health system leveraged buyouts, 2003–17",2021,Health Affairs,10.1377/hlthaff.2020.01535,All_private_equity_bib.csv
Olbert und Severin - 2023 - Private Equity and Local Public Finances.pdf,"Olbert, Marcel","Severin, Peter H.",NA,NA,NA,NA,NA,Private Equity and Local Public Finances,2023,Journal of Accounting Research,10.1111/1475-679x.12487,All_private_equity_bib.csv; Versuch1.csv
"Olsson und Tåg - 2017 - Private Equity, Layoffs, and Job Polarization.pdf","Olsson, Martin","Tåg, Joacim",NA,NA,NA,NA,NA,"Private equity, layoffs, and job polarization",2017,Journal of Labor Economics,10.1086/690712,All_private_equity_bib.csv
Olsson und Tåg - 2025 - What Is the Cost of Privatization for Workers.pdf,"Olsson, M","Tåg, J",NA,NA,NA,NA,NA,What Is the Cost of Privatization for Workers?,2025,JOURNAL OF FINANCE,10.1111/jofi.13462,Versuch1.csv
Oostrom - 2024 - Funding of Clinical Trials and Reported Drug Efficacy.pdf,NA,NA,NA,NA,NA,NA,NA,Funding of Clinical Trials and Reported Drug Efficacy,2024,NA,NA,PDF filename
"Ozmel et al. - 2013 - Strategic alliances, venture capital, and exit decisions in early stage high-tech firms.pdf","Ozmel, Umit","Robinson, David T.","Stuart, Toby E.",NA,NA,NA,NA,"Strategic alliances, venture capital, and exit decisions in early stage high-tech firms",2013,Journal of Financial Economics,10.1016/j.jfineco.2012.09.009,All_private_equity_bib.csv; Versuch1.csv
Palepu - 1990 - Consequences of leveraged buyouts.pdf,"Palepu, Krishna G.",NA,NA,NA,NA,NA,NA,Consequences of leveraged buyouts,1990,Journal of Financial Economics,10.1016/0304-405x(90)90028-x,Versuch1.csv
Peck - 1996 - The Influence of Professional Investors on the Failure of Management Buyout Attempts.pdf,Sarah W. Peck,NA,NA,NA,NA,NA,NA,The Influence of Professional Investors on the Failure of Management Buyout Attempts,1996,NA,10.1016/0304-405x(95)00847-8,reviewed OpenAlex cache
Perry und Williams - 1994 - Earnings Management Preceding Management Buyout.pdf,Susan E. Perry,Thomas H. Williams,NA,NA,NA,NA,NA,Earnings Management Preceding Management Buyout,1994,NA,10.1016/0165-4101(94)00362-9,reviewed OpenAlex cache
Phalippou - 2009 - Beware of Venturing into Private Equity.pdf,"Phalippou, Ludovic",NA,NA,NA,NA,NA,NA,Beware of venturing into private equity,2009,Journal of Economic Perspectives,10.1257/jep.23.1.147,All_private_equity_bib.csv
Phalippou - 2020 - An Inconvenient Fact Private Equity Returns & The Billionaire Factory.pdf,"Phalippou, Ludovic",NA,NA,NA,NA,NA,NA,An inconvenient fact: Private equity returns and the billionaire factory,2020,Journal of Index Investing,10.3905/joi.2020.1.153,All_private_equity_bib.csv
Phalippou et al. - 2018 - Private equity portfolio company fees.pdf,"Phalippou, Ludovic","Rauch, Christian","Umber, Marc",NA,NA,NA,NA,Private equity portfolio company fees,2018,Journal of Financial Economics,10.1016/j.jfineco.2018.05.010,Versuch1.csv
Phalippou und Gottschalg - 2009 - The Performance of Private Equity Funds.pdf,"Phalippou, Ludovic","Gottschalg, Oliver",NA,NA,NA,NA,NA,The performance of private equity funds,2009,Review of Financial Studies,10.1093/rfs/hhn014,All_private_equity_bib.csv; Versuch1.csv
Popov und Roosenboom - 2009 - On the Real Effects of Private Equity Investment Evidence from New Business Creation.pdf,Alexander A. Popov,Peter Roosenboom,NA,NA,NA,NA,NA,On the Real Effects of Private Equity Investment Evidence from New Business Creation,2009,NA,10.2139/ssrn.1091094,reviewed OpenAlex cache
Rauh - 2013 - Local Overweighting and Underperformance Evidence from Limited Partner Private Equity Investments.pdf,"Hochberg, Yael V.","Rauh, Joshua D.",NA,NA,NA,NA,NA,Local overweighting and underperformance: Evidence from limited partner private equity investments,2013,Review of Financial Studies,10.1093/rfs/hhs128,All_private_equity_bib.csv; Versuch1.csv
"Renneboog et al. - 2007 - Why do public firms go private in the UK The impact of private equity investors, incentive realignment and undervaluation.pdf","Renneboog, Luc","Simons, Tomas","Wright, Mike",NA,NA,NA,NA,"Why do public firms go private in the UK? The impact of private equity investors, incentive realignment and undervaluation",2007,Journal of Corporate Finance,10.1016/j.jcorpfin.2007.04.005,All_private_equity_bib.csv
"Riddiough - 2021 - Pension Funds and Private Equity Real Estate History, Performance, Pathologies, Risks.pdf","Riddiough, Timothy J.",NA,NA,NA,NA,NA,NA,"Pension funds and private equity real estate: History, performance, pathologies, risks",2022,Handbook of Real Estate and Macroeconomics,10.2139/ssrn.3682113,All_private_equity_bib.csv
Robinson und Sensoy - 2013 - Do Private Equity Fund Managers Earn Their Fees.pdf,"Robinson, David T.","Sensoy, Berk A.",NA,NA,NA,NA,NA,"Do private equity fund managers earn their fees? Compensation, ownership, and cash flow performance",2013,Review of Financial Studies,10.1093/rfs/hht055,All_private_equity_bib.csv; Versuch1.csv
"Robinson und Sensoy - 2016 - Cyclicality, performance measurement, and cash flow liquidity in private equity.pdf","Robinson, David T.","Sensoy, Berk A.",NA,NA,NA,NA,NA,"Cyclicality, performance measurement, and cash flow liquidity in private equity",2016,Journal of Financial Economics,10.1016/j.jfineco.2016.09.008,Versuch1.csv
Rossi - 2019 - Decreasing Returns or Reversion to the Mean The Case of Private Equity Fund Growth.pdf,Andrea Rossi,NA,NA,NA,NA,NA,NA,Decreasing Returns or Reversion to the Mean The Case of Private Equity Fund Growth,2019,NA,10.2139/ssrn.3511348,reviewed OpenAlex cache
Sagi - 2021 - Asset-Level Risk and Return in Real Estate Investments.pdf,"Sagi, Jacob S",NA,NA,NA,NA,NA,NA,Asset-Level Risk and Return in Real Estate Investments,2021,Review of Financial Studies,10.1093/rfs/hhaa122,All_private_equity_bib.csv; Versuch1.csv
Sensoy et al. - 2014 - Limited partner performance and the maturing of the private equity industry.pdf,"Sensoy, Berk A.","Wang, Yingdi","Weisbach, Michael S.",NA,NA,NA,NA,Limited partner performance and the maturing of the private equity industry,2014,Journal of Financial Economics,10.1016/j.jfineco.2014.02.006,Versuch1.csv
Shah - 2023 - Commentary on The Impact of Vertical Integration on Physician Behavior and Healthcare Delivery Evi.pdf,"Shah, ED",NA,NA,NA,NA,NA,NA,"Commentary on ""The Impact of Vertical Integration on Physician Behavior and Healthcare Delivery: Evidence from Gastroenterology Practices""",2023,MANAGEMENT SCIENCE,10.1287/mnsc.2023.01831,Versuch1.csv
Shive und Forster - 2025 - Sponsor Reputation and Capital Structure Dynamics in Leveraged Buyouts.pdf,"Shive, Sophie","Forster, Margaret",NA,NA,NA,NA,NA,Sponsor Reputation and Capital Structure Dynamics in Leveraged Buyouts,2025,Management Science,10.1287/mnsc.2023.00971,All_private_equity_bib.csv; Versuch1.csv
Singh et al. - 2022 - Geographic Variation in Private Equity Penetration Across Select Office-Based Physician Specialties in the US.pdf,"Singh, Yashaswini","Zhu, Jane M.","Polsky, Daniel","Song, Zirui",NA,NA,NA,Geographic Variation in Private Equity Penetration Across Select Office-Based Physician Specialties in the US,2022,JAMA Health Forum,10.1001/jamahealthforum.2022.0825,All_private_equity_bib.csv
Smith - 1990 - Corporate Ownership Structure and Performance The Case of Management Buyouts.pdf,Abbie J. Smith,NA,NA,NA,NA,NA,NA,Corporate Ownership Structure and Performance The Case of Management Buyouts,1990,NA,10.1016/0304-405x(90)90024-t,reviewed OpenAlex cache
Sorensen et al. - 2014 - Valuing Private Equity.pdf,"Sorensen, M","Wang, N","Yang, JQ",NA,NA,NA,NA,Valuing Private Equity,2014,REVIEW OF FINANCIAL STUDIES,10.1093/rfs/hhu013,Versuch1.csv
Sorensen und Jagannathan - 2015 - The Public Market Equivalent and Private Equity Performance.pdf,"Sorensen, Morten","Jagannathan, Ravi",NA,NA,NA,NA,NA,The Public Market Equivalent and Private Equity Performance,2015,Financial Analysts Journal,10.2469/faj.v71.n4.4,All_private_equity_bib.csv
Spaenjers und Steiner - 2024 - Specialization and performance in private equity Evidence from the hotel industry.pdf,"Spaenjers, Christophe","Steiner, Eva",NA,NA,NA,NA,NA,Specialization and performance in private equity: Evidence from the hotel industry,2024,Journal of Financial Economics,10.1016/j.jfineco.2024.103930,Versuch1.csv
"Stafford - 2022 - Replicating Private Equity with Value Investing, Homemade Leverage, and Hold-to-Maturity Accounting.pdf","Stafford, Erik",NA,NA,NA,NA,NA,NA,"Replicating Private Equity with Value Investing, Homemade Leverage, and Hold-to-Maturity Accounting",2022,Review of Financial Studies,10.1093/rfs/hhab020,All_private_equity_bib.csv; Versuch1.csv
Strategic Management Journal - 2014 - Taussig - Unbundling the effects of institutions on firm resources  The contingent.pdf,"Taussig, Markus","Delios, Andrew",NA,NA,NA,NA,NA,Unbundling the effects of institutions on firm resources: The contingent value of being local in emerging economy private equity,2015,Strategic Management Journal,10.1002/smj.2312,All_private_equity_bib.csv
Stuart und Yim - 2010 - Board interlocks and the propensity to be targeted in private equity transactions.pdf,"Stuart, Toby E.","Yim, Soojin",NA,NA,NA,NA,NA,Board interlocks and the propensity to be targeted in private equity transactions,2010,Journal of Financial Economics,10.1016/j.jfineco.2010.03.012,All_private_equity_bib.csv; Versuch1.csv
Tan et al. - 2019 - Trends in Private Equity Acquisition of Dermatology Practices in the United States.pdf,"Tan, Sally","Seiger, Kira","Renehan, Peter","Mostaghimi, Arash",NA,NA,NA,Trends in Private Equity Acquisition of Dermatology Practices in the United States,2019,JAMA Dermatology,10.1001/jamadermatol.2019.1634,All_private_equity_bib.csv
The Journal of Finance - 2009 - AXELSON - Why Are Buyouts Levered  The Financial Structure of Private Equity Funds.pdf,"Axelson, Ulf","StrÖmberg, Per","Weisbach, Michael S.",NA,NA,NA,NA,Why are buyouts levered? the financial structure of private equity funds,2009,Journal of Finance,10.1111/j.1540-6261.2009.01473.x,All_private_equity_bib.csv; Versuch1.csv
The Journal of Finance - 2010 - POVEL - Stapled Finance.pdf,Paul Povel,Rajdeep Singh,NA,NA,NA,NA,NA,POVEL - Stapled Finance,2010,NA,10.1111/j.1540-6261.2010.01557.x,reviewed OpenAlex cache
The Journal of Finance - 2011 - SHIVDASANI - Did Structured Credit Fuel the LBO Boom.pdf,Anil Shivdasani,YIHUI WANG,NA,NA,NA,NA,NA,SHIVDASANI - Did Structured Credit Fuel the LBO Boom,2011,NA,NA,reviewed OpenAlex cache
The Journal of Finance - 2012 - KAPLAN - Which CEO Characteristics and Abilities Matter.pdf,Steven Neil Kaplan,Mark M. Klebanov,Morten Sørensen,NA,NA,NA,NA,KAPLAN - Which CEO Characteristics and Abilities Matter,2012,NA,10.2139/ssrn.972446,reviewed OpenAlex cache
Tykvová und Borell - 2012 - Do private equity owners increase risk of financial distress and bankruptcy.pdf,"Tykvová, Tereza","Borell, Mariela",NA,NA,NA,NA,NA,Do private equity owners increase risk of financial distress and bankruptcy?,2012,Journal of Corporate Finance,10.1016/j.jcorpfin.2011.11.004,All_private_equity_bib.csv
"Vanacker et al. - 2020 - Signal Strength, Media Attention, and Resource Mobilization Evidence from New Private Equity Firms.pdf",Tom R. Vanacker,Daniel P. Forbes,Mirjam Knockaert,Sophie Manigart,NA,NA,NA,"Signal Strength, Media Attention, and Resource Mobilization Evidence from New Private Equity Firms",2020,NA,10.5465/amj.2018.0356,reviewed OpenAlex cache
Villalonga und Amit - 2009 - How Are U.S. Family Firms Controlled.pdf,Belén Villalonga,Raphael H Amit,NA,NA,NA,NA,NA,How Are U.S. Family Firms Controlled,2009,NA,10.1093/rfs/hhn080,reviewed OpenAlex cache
Winton - 2003 - Institutional Liquidity Needs and the Structure of Monitored Finance.pdf,"Winton, A",NA,NA,NA,NA,NA,NA,Institutional liquidity needs and the structure of monitored finance,2003,REVIEW OF FINANCIAL STUDIES,10.1093/rfs/hhg042,Versuch1.csv
Winton und Yerramilli - 2008 - Entrepreneurial finance - Banks versus venture capital.pdf,"Winton, A","Yerramilli, V",NA,NA,NA,NA,NA,Entrepreneurial finance: Banks versus venture capital,2008,JOURNAL OF FINANCIAL ECONOMICS,10.1016/j.jfineco.2007.05.004,Versuch1.csv
"Wright et al. - 2009 - The Impact of Private Equity and Buyouts on Employment, Remuneration and other HRM Practices.pdf","Wright, Mike","Bacon, Nicolas","Amess, Kevin",NA,NA,NA,NA,"The impact of private equity and buyouts on employment, remuneration and other HRM practices",2009,Journal of Industrial Relations,10.1177/0022185609339515,All_private_equity_bib.csv
"Zhu et al. - 2020 - Private Equity Acquisitions of Physician Medical Groups Across Specialties, 2013-2016.pdf","Zhu, Jane M.","Hua, Lynn M.","Polsky, Daniel",NA,NA,NA,NA,"Private Equity Acquisitions of Physician Medical Groups Across Specialties, 2013-2016",2020,JAMA - Journal of the American Medical Association,10.1001/jama.2019.21844,All_private_equity_bib.csv
